ID,Name,G,GS,PA,AB,H,1B,2B,3B,HR,RBI,R,BB,BB%,IBB,HP,SH,SF,CI,SO,SO%,GIDP,AVG,OBP,SLG,wOBA,OPS+,BABIP,wRC+,WAR,PI/PA,SB,CS,BatR,UBR,BsR
128416,MIKE BOLDEN,50,48,180,171,41,25,8,2,6,19,22,7,3.9,0,1,4,1,0,41,22.8,5,.240,.272,.415,.294,85,.280,84,1.0,3.83,3,2,-3.4,0.5,-0.1
133416,DAVE BROWN,47,42,149,142,33,24,4,0,5,12,12,5,3.4,0,2,0,0,0,42,28.2,3,.232,.268,.366,.277,75,.295,73,0.7,3.66,0,0,-4.6,-1.0,-1.0
127641,BILL CROCKER,8,6,22,20,2,1,0,0,1,4,3,2,9.1,1,0,0,0,0,4,18.2,1,.100,.182,.250,.164,22,.067,-2,-0.1,3.55,0,0,-2.7,0.0,0.0
134051,JESÚS GARCÍA,13,9,27,25,6,4,1,0,1,2,4,1,3.7,0,0,0,1,0,5,18.5,1,.240,.259,.400,.278,81,.250,74,0.2,3.41,1,0,-0.8,0.2,0.4
130717,MAURO GARZA,51,51,168,165,37,27,6,1,3,10,17,1,0.6,0,1,2,1,0,47,28.0,5,.224,.232,.327,.241,54,.293,48,0.4,3.26,16,3,-10.3,0.1,2.2
129967,PAUL ROSE,51,50,182,170,36,25,7,0,4,14,17,12,6.6,0,0,0,0,0,43,23.6,9,.212,.264,.324,.260,51,.260,55,0.4,3.94,0,0,-9.7,-0.0,-0.0
126455,CRAIG RUSSELL,50,50,183,167,37,24,9,1,3,15,19,16,8.7,0,0,1,0,0,21,11.5,7,.222,.290,.341,.280,76,.238,76,0.8,3.59,0,1,-5.2,-0.7,-1.6
132527,KEDAR SAYYAR,51,49,172,165,28,20,6,0,2,9,14,7,4.1,0,0,6,0,0,44,25.6,1,.170,.203,.242,.198,22,.218,18,-0.5,3.64,0,3,-16.7,0.1,-1.7
132455,JOSÉ SÁNCHEZ,45,28,95,91,13,12,0,0,1,4,8,2,2.1,0,2,2,0,0,22,23.2,3,.143,.179,.176,.163,0,.176,-5,-0.6,3.58,1,1,-11.9,-0.3,-0.8
132129,SERGIO VÁZQUEZ,49,49,200,180,43,33,5,0,5,22,20,15,7.5,0,3,4,2,0,41,20.5,3,.239,.305,.350,.291,79,.279,81,0.9,3.74,1,0,-4.4,1.6,1.3
127141,DAN WADE,15,5,26,26,4,4,0,0,0,0,4,0,0.0,0,0,2,0,0,7,26.9,0,.154,.154,.154,.136,-14,.211,-23,-0.1,4.27,2,0,-3.8,0.3,0.7
136017,JORGE AVELLANDEDA,47,47,180,152,24,16,5,0,3,11,14,23,12.8,1,4,0,1,0,63,35.0,1,.158,.283,.250,.248,57,.241,57,0.4,4.10,0,0,-9.1,-0.3,-0.3
120074,DAVID BLEVINS,51,51,191,179,37,31,4,1,1,12,12,9,4.7,0,2,8,1,0,28,14.7,6,.207,.251,.257,.229,41,.238,39,0.0,3.47,3,1,-13.8,-1.0,-1.2
133163,BRYAN BROWN,50,43,185,176,50,30,16,2,2,22,24,9,4.9,0,0,1,0,0,20,10.8,5,.284,.319,.432,.324,105,.312,105,1.5,3.39,13,2,1.2,0.8,2.6
135308,SCOTTY COLE,6,3,13,13,2,2,0,0,0,0,0,0,0.0,0,0,1,0,0,4,30.8,0,.154,.154,.154,.136,-12,.222,-22,-0.1,3.54,0,0,-1.9,0.0,0.0
133565,GERALD CRAWFORD,43,42,132,128,13,10,1,0,2,8,7,2,1.5,0,2,3,0,0,47,35.6,1,.102,.129,.156,.129,-20,.139,-27,-1.3,3.78,2,1,-19.9,-0.0,-0.2
134563,MIGUEL CRUZ,18,18,65,64,15,11,1,0,3,13,7,1,1.5,0,0,1,0,0,7,10.8,2,.234,.246,.391,.273,71,.222,69,-0.2,3.25,0,0,-2.4,0.1,0.1
129331,TOMMY DUNCAN,51,49,198,182,48,34,6,1,7,26,17,15,7.6,0,0,0,1,0,46,23.2,4,.264,.318,.423,.322,105,.315,104,1.3,3.84,1,1,1.1,-0.2,-1.0
127831,WAYNE DURHAM,38,26,113,105,22,11,7,2,2,8,12,8,7.1,0,0,0,0,0,31,27.4,2,.210,.265,.371,.276,75,.278,73,-0.1,3.52,12,3,-3.6,-0.7,0.5
133312,RAYMOND KLEIN,51,50,220,202,54,39,9,0,6,24,31,16,7.3,0,0,0,2,0,22,10.0,5,.267,.318,.401,.314,100,.273,99,1.5,3.47,5,1,-0.1,2.0,2.1
124761,BRIAN MCKNIGHT,25,12,52,49,7,5,1,0,1,4,6,1,1.9,0,2,0,0,0,13,25.0,1,.143,.192,.224,.189,16,.171,13,-0.2,3.17,0,0,-5.4,0.1,0.1
125746,RUSTY MUNTER,51,49,194,180,37,23,8,0,6,22,19,11,5.7,0,2,0,1,0,42,21.6,1,.206,.258,.350,.266,67,.233,65,0.6,3.54,0,0,-7.9,0.8,0.8
132210,JUAN PÉREZ,9,9,31,31,5,3,1,0,1,4,2,0,0.0,0,0,0,0,0,6,19.4,1,.161,.161,.290,.191,19,.167,11,-0.2,3.55,0,0,-3.2,0.1,0.1
126890,MIKE REED,9,9,35,34,6,5,1,0,0,1,3,0,0.0,0,0,0,1,0,11,31.4,0,.176,.171,.206,.162,6,.250,-4,-0.3,4.29,2,1,-4.4,0.2,0.2
132919,CARLOS RODRÍGUEZ,51,49,212,193,50,31,9,0,10,28,22,14,6.6,2,2,0,3,0,39,18.4,4,.259,.311,.461,.324,112,.272,106,0.9,3.32,2,0,1.6,0.3,0.4
128545,NAIM SHULKU,51,50,226,188,61,34,9,0,18,37,41,36,15.9,2,0,0,2,0,32,14.2,4,.324,.429,.660,.449,205,.307,194,4.0,3.81,4,0,25.3,1.0,1.3
124649,ELLIS ALEXANDER,9,9,38,35,4,2,0,0,2,3,5,2,5.3,0,1,0,0,0,6,15.8,3,.114,.184,.286,.209,31,.074,27,-0.3,3.53,1,0,-3.3,-0.5,-0.3
132910,MICHAEL COBB,29,26,92,76,11,10,0,1,0,6,6,12,13.0,0,1,1,3,0,13,14.1,5,.145,.261,.171,.212,22,.167,27,-0.4,3.76,1,0,-7.9,-0.5,-0.5
129522,JONATHAN COLORADO,50,50,220,195,46,33,6,0,7,28,31,19,8.6,0,3,0,3,0,28,12.7,5,.236,.309,.374,.301,90,.239,90,0.3,3.63,1,3,-2.5,0.4,-1.5
129926,ANTÓNIO DIÉGUEZ,51,49,182,178,38,31,5,0,2,12,9,4,2.2,0,0,4,0,0,23,12.6,2,.213,.231,.275,.222,39,.235,34,-0.4,3.10,0,0,-14.1,-0.1,-0.1
135912,ARTUR DONAS,50,49,179,164,33,28,5,0,0,11,19,12,6.7,0,1,2,2,0,36,20.1,6,.201,.257,.232,.224,35,.254,35,-0.8,3.79,1,2,-13.8,-1.1,-2.3
136636,ARMANDO GARCÍA,30,29,99,96,23,14,8,0,1,5,7,2,2.0,0,1,2,0,0,16,16.2,3,.240,.263,.354,.268,68,.278,66,0.1,3.18,2,0,-4.0,0.3,0.6
129880,NATHAN GEMB,50,48,214,184,39,28,4,1,6,15,29,29,13.6,1,1,0,0,0,47,22.0,2,.212,.322,.342,.298,90,.252,89,0.5,4.19,2,1,-2.6,-0.5,-1.1
128950,CIPRIANO GONZÁLEZ,52,50,225,206,47,30,5,0,12,33,34,13,5.8,0,4,0,2,0,48,21.3,6,.228,.284,.427,.307,90,.236,91,0.5,3.64,0,0,-2.2,-0.5,-0.5
133439,WILL HILLIARD,51,50,233,221,54,34,12,0,8,32,27,12,5.2,1,0,2,0,0,43,18.5,5,.244,.283,.407,.296,85,.271,84,0.6,3.56,5,1,-4.4,-0.2,0.1
129923,KEVIN HOOPER,13,6,26,25,4,3,1,0,0,0,0,1,3.8,0,0,0,0,0,9,34.6,0,.160,.192,.200,.177,11,.250,5,-0.2,4.12,0,0,-2.9,0.0,0.0
132784,YOHAN LANGLET,50,50,207,197,56,45,4,0,7,38,19,5,2.4,0,3,1,2,0,40,19.3,5,.284,.309,.411,.312,95,.322,96,1.1,3.29,11,1,-0.9,0.4,2.0
127604,WILBERT LEYLAN,35,35,134,116,28,20,6,0,2,8,8,17,12.7,0,0,0,1,0,27,20.1,2,.241,.336,.345,.306,93,.295,94,0.1,3.78,2,3,-0.8,-0.2,-1.6
135050,NOEL MANN,50,49,179,159,38,27,6,0,5,25,24,16,8.9,0,3,1,1,0,38,21.2,3,.239,.318,.371,.306,89,.282,92,0.3,3.79,0,0,-1.6,0.6,0.6
127979,TOM MILLER,53,49,204,186,29,17,2,1,9,19,23,16,7.8,1,1,0,1,0,59,28.9,4,.156,.225,.323,.238,53,.168,47,-0.2,3.77,4,1,-12.7,-0.0,0.1
119674,SHOHEI OSAWA,16,16,60,57,8,5,3,0,0,3,1,3,5.0,0,0,0,0,0,16,26.7,0,.140,.183,.193,.171,6,.195,0,-0.8,3.87,2,1,-7.1,-2.0,-2.1
132149,ISMAEL PÉREZ,27,24,98,92,19,16,3,0,0,3,7,5,5.1,0,0,0,1,0,24,24.5,1,.207,.245,.239,.218,31,.275,29,-0.4,3.80,0,0,-8.3,-0.2,-0.2
133502,JACK REXTER,7,4,19,18,4,4,0,0,0,3,3,0,0.0,0,0,0,1,0,5,26.3,0,.222,.211,.222,.186,21,.286,11,-0.2,3.68,0,0,-2.0,-0.2,-0.2
134077,REYNALDO RODRÍGUEZ,50,50,190,178,40,29,7,0,4,18,17,9,4.7,0,0,0,3,1,51,26.8,5,.225,.258,.331,.257,59,.286,57,0.5,3.70,3,0,-9.6,0.5,0.9
136413,ÁNGEL ROMERO,33,32,125,117,13,8,4,0,1,3,5,6,4.8,0,1,0,1,0,39,31.2,0,.111,.160,.171,.152,-7,.154,-12,-1.0,3.70,0,0,-16.7,0.2,0.2
129296,PACO SALAZAR,29,29,123,110,32,20,9,0,3,9,19,11,8.9,0,1,0,1,0,26,21.1,1,.291,.358,.455,.353,109,.354,119,1.0,3.66,8,0,2.8,0.2,1.9
127391,FORREST SHEPARD,27,25,98,94,25,22,3,0,0,10,10,3,3.1,0,1,0,0,0,10,10.2,2,.266,.296,.298,.265,60,.298,61,-0.1,3.21,0,0,-4.4,0.2,0.2
137429,JOHN SPITLER,51,50,178,150,39,26,9,1,3,17,16,26,14.6,3,1,1,1,1,28,15.7,1,.260,.371,.393,.329,118,.300,111,1.3,3.96,3,1,2.5,0.9,0.6
132853,GUSTAVO VARGAS,49,49,215,181,46,24,8,0,14,36,29,29,13.5,0,3,0,2,0,62,28.8,1,.254,.363,.530,.381,156,.299,149,1.9,3.99,1,0,12.6,-1.3,-1.6
125588,MICHAEL WARATAH,29,28,123,111,32,22,9,0,1,18,19,11,8.9,0,1,0,0,0,17,13.8,2,.288,.358,.396,.334,108,.333,112,0.8,3.61,1,0,1.8,0.8,0.7
128946,LELAND WYATT,25,25,96,94,15,7,7,0,1,11,4,1,1.0,0,0,0,1,0,20,20.8,2,.160,.167,.266,.184,13,.189,5,-0.7,3.53,0,0,-10.8,0.6,0.6
131024,JOE ADAMS,40,37,147,138,36,26,5,0,5,16,12,7,4.8,0,2,0,0,0,28,19.0,4,.261,.306,.406,.311,92,.295,94,0.6,3.42,0,0,-0.9,0.1,0.1
127929,HENRY AUSTIN,28,14,58,54,12,7,3,1,1,6,8,3,5.2,0,1,0,0,0,11,19.0,1,.222,.276,.370,.282,81,.262,78,-0.1,3.90,0,0,-1.5,-0.4,-0.4
133016,RAFAEL CALDERÓN,53,52,229,219,68,31,6,0,31,54,50,5,2.2,1,4,0,1,0,48,21.0,5,.311,.336,.763,.451,187,.262,191,3.1,3.35,0,0,24.9,-0.0,-0.0
123153,LYLE CALLAHAN,49,49,222,190,65,40,19,0,6,16,30,31,14.0,0,1,0,0,0,32,14.4,3,.342,.437,.537,.421,171,.388,173,3.1,3.87,2,1,19.5,-0.3,-1.1
123812,TONY COBB,30,26,125,113,31,25,4,0,2,11,15,11,8.8,1,1,0,0,0,25,20.0,3,.274,.344,.363,.311,94,.337,95,0.3,3.94,5,0,-0.7,0.3,1.2
134017,JON COOPER,23,3,22,21,2,2,0,0,0,0,1,1,4.5,0,0,1,0,0,5,22.7,0,.095,.136,.095,.112,-34,.125,-40,-0.4,3.77,0,0,-3.7,-0.1,-0.1
135939,HÉCTOR FLORES,53,51,216,180,35,21,4,0,10,29,24,31,14.4,0,4,0,1,0,70,32.4,4,.194,.324,.383,.316,101,.248,102,0.6,4.21,4,0,0.7,0.0,0.4
133535,JEFFREY FOSTER,28,11,48,47,7,4,2,0,1,1,3,1,2.1,0,0,0,0,0,19,39.6,2,.149,.167,.255,.182,14,.222,6,-0.3,3.92,0,0,-5.3,0.0,0.0
128605,TYNAN FOX,27,25,95,89,20,14,4,0,2,10,12,6,6.3,0,0,2,0,0,15,15.8,1,.225,.274,.337,.269,68,.250,67,0.1,3.65,1,0,-3.6,0.9,0.9
129805,RON GOULDER,32,31,123,112,30,21,4,0,5,14,13,7,5.7,0,3,1,1,0,19,15.4,2,.268,.325,.438,.331,109,.281,110,0.3,3.46,1,1,1.5,-1.1,-1.7
125255,JÚLIO GUTIÉRREZ,6,1,7,7,2,2,0,0,0,1,0,0,0.0,0,0,0,0,0,2,28.6,0,.286,.286,.286,.253,63,.400,58,-0.0,3.57,0,0,-0.3,0.0,0.0
130084,DAVID HAMILTON,32,28,107,99,16,13,1,0,2,10,5,5,4.7,0,0,0,3,0,13,12.1,4,.162,.196,.232,.189,17,.161,11,-0.5,3.70,0,0,-11.2,0.0,0.0
131390,MELVIN HARVEY,30,12,65,56,12,9,2,0,1,5,9,7,10.8,1,1,0,1,0,19,29.2,0,.214,.308,.304,.267,75,.297,68,-0.0,3.85,3,0,-2.4,0.0,0.6
124293,JAY HENNESSEY,51,50,194,174,33,23,5,0,5,21,11,14,7.2,0,3,0,3,0,47,24.2,5,.190,.258,.305,.251,54,.224,54,-0.3,3.94,1,1,-10.6,0.5,-0.2
129079,WARD HOLMES,50,50,175,157,29,22,4,0,3,12,12,16,9.1,1,1,1,1,0,33,18.9,8,.185,.263,.268,.238,48,.213,46,-1.3,3.55,1,2,-11.1,-0.6,-1.7
134311,JERRY HOWELL,50,50,199,181,43,33,5,0,5,21,15,13,6.5,0,4,4,1,0,41,20.6,3,.238,.302,.348,.289,79,.279,81,-0.4,3.68,0,2,-4.4,-0.6,-2.1
121341,WADE HUEBNER,9,6,28,27,8,6,1,0,1,4,4,1,3.6,0,0,1,0,0,3,10.7,0,.296,.321,.444,.331,114,.304,112,0.2,3.00,4,1,0.4,0.5,0.9
132141,RUSTY KROLL,35,31,133,119,33,20,9,0,4,16,18,11,8.3,1,3,1,0,0,12,9.0,6,.277,.353,.454,.347,127,.282,123,0.8,3.50,1,0,3.7,-0.2,-0.3
126222,ERNEST LAMB,46,44,168,147,31,21,10,0,0,11,20,19,11.3,1,1,2,1,0,32,19.0,5,.211,.304,.279,.264,64,.267,64,0.4,3.85,13,2,-7.1,0.4,2.2
121336,PETER LEE,47,43,191,172,34,22,2,0,10,25,24,15,7.9,0,2,0,2,0,53,27.7,4,.198,.267,.384,.283,66,.216,71,0.4,3.88,0,2,-6.6,0.7,-0.7
133720,RICHARD LOGAN,51,49,204,189,50,31,8,0,11,33,26,11,5.4,0,1,0,3,0,41,20.1,3,.265,.304,.481,.334,118,.279,114,1.0,3.90,0,0,3.4,-1.8,-1.8
134462,JORGE MARTÍNEZ,42,42,175,168,45,31,9,0,5,20,23,6,3.4,1,1,1,0,0,32,18.3,6,.268,.297,.411,.303,90,.305,88,0.2,3.59,1,1,-2.3,0.5,-0.1
130365,NEGERA MUBARAK,11,7,32,26,6,5,0,0,1,1,10,6,18.8,0,0,0,0,0,6,18.8,0,.231,.375,.346,.332,101,.263,110,0.3,3.75,2,0,0.4,0.7,1.1
129200,ANDRÉS ORTÍZ,21,19,71,60,14,9,3,0,2,6,4,11,15.5,0,0,0,0,0,8,11.3,2,.233,.352,.383,.330,108,.240,111,-0.1,4.04,0,1,0.9,-0.9,-1.6
123124,FERNANDO REYES,8,8,28,24,2,2,0,0,0,0,2,4,14.3,0,0,0,0,0,7,25.0,1,.083,.214,.083,.162,-12,.118,-5,-0.3,3.93,1,0,-3.5,-0.1,0.1
122793,NOAH RICHARD,9,7,32,30,6,6,0,0,0,1,2,0,0.0,0,1,1,1,0,4,12.5,3,.200,.219,.200,.188,18,.222,12,-0.2,3.28,1,0,-3.3,-0.4,-0.2
126918,STEVE RILEY,52,50,213,204,69,45,14,2,8,27,33,7,3.3,0,1,1,1,0,15,7.0,4,.338,.362,.544,.386,145,.335,147,3.2,3.03,19,1,12.1,2.2,5.8
128099,FRANCISCO ROSAS,10,7,30,28,5,4,1,0,0,1,1,2,6.7,0,0,0,0,0,10,33.3,0,.179,.233,.214,.206,23,.278,22,-0.2,3.80,0,0,-2.8,-0.0,-0.0
122155,BRUCE ROSS,53,50,211,199,55,38,8,0,9,26,23,8,3.8,0,1,1,3,0,37,17.5,6,.276,.303,.452,.323,107,.295,105,0.7,3.45,0,1,1.3,0.1,-0.9
127378,JOE SHELTON,38,22,107,91,20,17,2,0,1,11,14,13,12.1,1,0,0,3,0,24,22.4,3,.220,.308,.275,.261,64,.275,62,-0.6,3.79,1,0,-4.8,-2.3,-2.4
129738,RAY THOMAS,34,33,143,129,31,20,5,1,5,21,19,12,8.4,3,0,0,2,0,17,11.9,2,.240,.301,.411,.293,88,.239,80,-0.0,3.67,0,0,-3.3,-0.2,-0.2
130413,BENJAMIN WISE,50,50,234,218,66,44,15,2,5,20,36,15,6.4,0,0,0,1,0,22,9.4,5,.303,.346,.459,.348,120,.318,121,1.7,3.23,2,3,6.1,1.0,-0.6
126523,BEN ANTHONY,6,3,15,13,1,1,0,0,0,0,1,1,6.7,0,1,0,0,0,2,13.3,0,.077,.200,.077,.154,-19,.091,-12,-0.1,3.60,1,0,-2.0,0.1,0.3
124522,ED BRACY,18,14,64,58,18,13,4,1,0,6,6,5,7.8,0,0,3,1,0,9,14.1,2,.310,.359,.414,.337,110,.360,112,0.5,3.61,4,1,0.9,-0.2,0.1
126765,TOM BRANDON,52,50,208,182,39,27,9,1,2,22,33,21,10.1,0,3,0,2,0,31,14.9,5,.214,.303,.308,.277,71,.245,73,0.1,3.59,3,2,-6.5,1.3,0.5
133495,WARNER BROOKS,7,5,23,20,4,3,1,0,0,3,4,3,13.0,0,0,0,0,0,3,13.0,1,.200,.304,.250,.260,58,.235,62,-0.0,3.96,0,0,-1.0,0.5,0.5
126415,CHAD COX,50,49,209,188,65,44,15,0,6,24,35,19,9.1,0,1,0,1,0,16,7.7,7,.346,.407,.521,.401,154,.353,158,2.1,3.56,3,0,14.5,-1.1,-1.0
132540,VICTOR CRAWFORD,49,49,210,188,49,34,6,0,9,35,31,20,9.5,0,0,0,2,0,30,14.3,5,.261,.329,.436,.332,111,.265,111,1.4,3.75,0,0,2.9,0.9,0.9
133514,LARRY DICKEY,51,50,221,197,44,27,5,1,11,29,30,21,9.5,3,2,0,1,0,23,10.4,3,.223,.303,.426,.307,102,.201,95,0.7,3.73,2,0,-1.2,-1.3,-1.3
135832,JORGE GONZÁLEZ,50,49,197,179,46,34,9,0,3,20,13,16,8.1,0,1,0,1,0,32,16.2,4,.257,.320,.358,.301,86,.297,88,-0.3,3.70,0,2,-2.7,-0.7,-2.2
123075,WERNER GREEN,25,24,93,85,28,19,7,0,2,11,7,4,4.3,0,1,0,3,0,9,9.7,1,.329,.355,.482,.356,131,.338,128,0.6,3.41,0,1,3.2,-0.3,-1.0
128878,DAMON JOHNSON,48,47,186,168,43,28,13,0,2,16,21,18,9.7,1,0,0,0,0,29,15.6,3,.256,.328,.369,.306,94,.299,93,0.8,3.67,6,2,-1.4,0.4,0.4
120135,SAMUEL MCKENZIE,42,38,151,142,42,29,7,1,5,17,20,8,5.3,0,1,0,0,0,26,17.2,5,.296,.338,.465,.347,118,.333,120,0.6,3.58,1,0,3.7,-1.1,-1.2
132911,RUBÉN MÉNDEZ,47,46,201,181,41,26,9,0,6,17,27,16,8.0,0,3,0,1,0,39,19.4,5,.227,.299,.376,.297,87,.255,87,0.5,3.78,2,0,-2.9,0.1,0.1
133563,GORDON O'ROURKE,22,22,99,79,27,20,5,0,2,9,13,16,16.2,0,3,0,1,0,16,16.2,2,.342,.465,.481,.417,162,.403,169,1.2,4.05,0,0,8.2,0.3,0.3
127180,PHILIP OLSEN,43,40,167,148,24,16,3,0,5,12,17,16,9.6,1,2,0,1,0,69,41.3,5,.162,.251,.284,.239,47,.253,46,-0.5,4.07,1,0,-10.7,-1.4,-1.5
127126,JEFF THOMAS,52,50,216,190,44,29,3,0,12,30,32,23,10.6,1,2,0,1,0,41,19.0,5,.232,.319,.437,.326,112,.232,109,0.6,3.72,11,4,2.3,-0.7,-0.6
129304,DAVIS TODD,18,18,73,69,27,17,7,1,2,13,11,4,5.5,0,0,1,0,0,11,15.1,3,.391,.425,.609,.441,180,.446,185,1.1,3.77,0,0,7.4,0.2,0.2
135434,PETE URIBE,50,50,199,164,37,30,6,0,1,6,25,30,15.1,0,3,0,2,0,50,25.1,0,.226,.352,.280,.297,80,.313,87,0.7,4.23,17,1,-3.0,-0.5,2.5
132696,IRA VAN LOO,50,49,215,186,43,22,11,0,10,33,26,21,9.8,4,3,0,5,0,17,7.9,3,.231,.312,.452,.314,109,.201,98,0.5,3.48,5,2,-0.3,1.0,0.7
122780,WILL WOOD,16,11,47,45,8,6,1,0,1,8,4,2,4.3,0,0,0,0,0,11,23.4,2,.178,.213,.267,.212,31,.212,27,-0.3,4.04,0,0,-4.0,0.1,0.1
124673,CRISTO ALVARADO,53,38,159,151,45,32,7,0,6,18,20,8,5.0,0,0,0,0,0,14,8.8,3,.298,.333,.464,.344,120,.298,120,1.0,3.38,0,0,3.9,-0.8,-0.8
126850,MATT BLAND,19,14,56,52,8,7,1,0,0,4,3,3,5.4,0,1,0,0,0,10,17.9,0,.154,.214,.173,.183,3,.190,1,-0.5,3.64,0,0,-6.5,0.1,0.1
133532,ROBERT BROWN,53,53,185,171,45,30,8,0,7,27,20,10,5.4,2,3,0,1,0,17,9.2,5,.263,.314,.433,.316,105,.257,100,0.3,3.42,0,0,0.0,0.1,0.1
136130,JOSÉ COLLAZO,20,11,52,49,13,11,2,0,0,0,8,3,5.8,0,0,1,0,0,9,17.3,1,.265,.308,.306,.275,73,.325,72,-0.1,3.73,3,1,-1.7,-0.4,-0.4
122094,JERRY CROCKER,17,11,41,36,5,4,1,0,0,3,6,5,12.2,0,0,4,0,0,10,24.4,3,.139,.244,.167,.202,17,.192,20,-0.2,4.12,3,0,-3.9,0.4,1.1
127389,FRED CRUZ,45,45,175,168,47,34,6,1,6,21,29,6,3.4,0,1,0,0,0,32,18.3,6,.280,.309,.435,.321,104,.315,103,0.2,3.52,4,1,0.8,-0.0,0.0
125622,BRANDON KUSIK,51,50,227,203,38,26,7,2,3,15,24,21,9.3,0,1,0,2,0,42,18.5,1,.187,.264,.286,.248,56,.219,55,-0.0,3.77,13,4,-12.1,0.8,1.5
129695,GERARDO MONTALVO,25,20,88,81,25,19,2,1,3,12,7,7,8.0,0,0,0,0,0,13,14.8,0,.309,.364,.469,.362,131,.338,132,0.6,3.48,0,0,3.4,0.1,0.1
135581,GLENN NICHOLS,50,50,203,170,47,33,7,0,7,22,31,31,15.3,0,1,0,1,0,41,20.2,4,.276,.389,.441,.366,131,.325,135,1.6,3.94,1,0,8.5,-0.3,-0.7
120705,SPIKE RAY,37,34,151,136,39,29,5,1,4,22,21,12,7.9,0,1,0,2,0,12,7.9,4,.287,.344,.426,.335,110,.287,112,0.9,3.65,5,2,2.3,1.0,0.8
128141,CASEY ROBERTS,49,49,203,175,37,27,3,1,6,25,28,25,12.3,1,1,2,2,0,21,10.3,1,.211,.310,.343,.289,79,.207,80,-0.1,3.68,1,0,-4.7,0.4,0.2
128918,DOUG SHERRARD,50,49,188,169,36,23,9,0,4,19,19,17,9.0,2,0,1,2,0,41,21.8,3,.213,.282,.337,.267,68,.254,64,-0.1,3.92,0,0,-7.9,-0.4,-0.4
130026,DAVE VAN AL,17,10,50,48,10,7,2,0,1,7,5,2,4.0,0,0,1,0,0,4,8.0,1,.208,.240,.312,.242,55,.209,51,-0.2,3.38,0,1,-2.9,0.4,-0.2
129118,MYCHAL CALHOUN,45,44,186,163,33,18,5,1,9,25,21,19,10.2,1,1,0,3,0,48,25.8,2,.202,.285,.411,.297,88,.220,85,0.4,3.92,7,2,-3.2,-0.9,-0.5
125907,JEFFREY DANIELS,50,49,211,192,54,34,4,2,14,43,32,16,7.6,1,1,0,2,0,29,13.7,3,.281,.336,.542,.368,140,.265,137,1.7,3.67,4,3,9.3,1.8,0.8
128452,BILL DAVIS,42,22,100,79,18,11,4,0,3,11,10,19,19.0,0,2,0,0,0,16,16.0,4,.228,.390,.392,.355,128,.250,131,0.4,4.16,0,0,3.7,-0.8,-0.8
128034,MICHAEL GRANT,38,38,164,136,40,25,10,0,5,23,21,23,14.0,0,4,0,1,0,32,19.5,5,.294,.409,.478,.388,150,.350,151,1.5,4.15,1,1,10.1,0.7,-0.0
125725,BRETT HERRING,27,11,58,50,11,10,1,0,0,2,6,8,13.8,0,0,0,0,0,9,15.5,2,.220,.328,.240,.270,65,.268,70,0.1,3.53,0,0,-2.0,0.4,0.4
133362,LARRY JENKINS,25,10,62,56,12,6,4,0,2,11,8,3,4.8,0,1,0,2,0,9,14.5,1,.214,.258,.393,.277,81,.213,74,-0.0,3.71,1,1,-1.9,0.2,-0.2
125695,JOHN KIRKLAND,50,50,211,202,51,33,4,0,14,31,23,6,2.8,0,0,0,3,0,25,11.8,8,.252,.270,.480,.316,104,.223,101,0.5,3.42,0,1,0.3,-1.7,-2.6
120666,CHARLES LESLIE,14,10,43,40,10,5,2,2,1,4,5,3,7.0,0,0,0,0,0,5,11.6,0,.250,.302,.475,.330,113,.265,110,0.1,3.86,0,0,0.5,-0.0,-0.0
134160,JOHN PECKFORD,19,9,40,34,7,6,1,0,0,3,3,6,15.0,0,0,1,0,0,4,10.0,2,.206,.325,.235,.268,58,.233,66,-0.0,4.00,0,0,-1.6,-0.2,-0.2
131108,MIKE SPARKS,13,11,39,37,6,3,0,0,3,6,5,2,5.1,0,0,0,0,0,8,20.5,0,.162,.205,.405,.259,63,.115,60,-0.2,3.97,0,0,-1.8,0.1,0.1
129279,SANTIAGO SÁNZ,41,35,155,143,39,31,4,1,3,10,22,11,7.1,0,0,1,1,0,18,11.6,8,.273,.323,.378,.308,94,.293,94,0.5,3.37,11,3,-1.0,0.5,1.3
129869,ANDY THOST,53,48,225,195,64,35,3,0,26,58,44,27,12.0,5,2,0,1,0,31,13.8,6,.328,.413,.744,.463,200,.273,198,4.0,3.91,0,0,26.2,-0.5,-0.5
132017,TONG-KYU TONGBANG,4,4,14,13,2,2,0,0,0,1,0,1,7.1,0,0,0,0,0,1,7.1,0,.154,.214,.154,.176,5,.167,4,-0.1,3.36,0,0,-1.6,-0.0,-0.0
131133,ERNESTO CASTELLANOS,28,27,117,108,31,15,7,0,9,22,15,7,6.0,0,1,0,1,0,20,17.1,8,.287,.333,.602,.392,154,.275,153,1.4,3.72,0,0,7.4,0.1,0.1
125813,MARK HENDERSON,9,8,36,34,8,5,1,0,2,7,7,2,5.6,0,0,0,0,0,6,16.7,0,.235,.278,.441,.309,94,.231,94,0.1,3.92,0,0,-0.2,0.2,0.2
125932,ROGER JONES,43,42,174,156,40,23,10,0,7,25,19,15,8.6,0,1,0,2,0,28,16.1,5,.256,.322,.455,.334,114,.268,113,0.7,3.57,0,0,2.8,-2.7,-2.7
130473,ARTIE LEE,51,37,179,156,45,31,5,1,8,28,20,21,11.7,1,1,0,1,0,16,8.9,1,.288,.374,.487,.369,137,.278,136,0.5,3.59,0,0,7.9,-5.6,-5.6
132058,WILFORD LEWIS,27,18,78,72,19,8,11,0,0,7,5,5,6.4,0,0,0,1,0,11,14.1,2,.264,.308,.417,.311,96,.306,95,0.1,3.19,0,0,-0.4,-0.5,-0.5
132394,GUONÇALLO PAISLEY,43,35,149,128,24,13,4,0,7,18,17,19,12.8,2,2,0,0,0,46,30.9,1,.188,.302,.383,.295,87,.227,84,0.0,4.24,0,0,-2.7,0.2,0.2
127270,KADE SHELTON,26,26,102,98,22,16,5,0,1,8,6,4,3.9,0,0,0,0,0,14,13.7,1,.224,.255,.306,.247,54,.253,51,-0.7,3.39,0,1,-5.8,0.1,-0.6
120028,JAMES STEPHENS,17,8,48,47,12,10,1,0,1,4,3,1,2.1,0,0,0,0,0,3,6.2,2,.255,.271,.340,.267,65,.256,64,-0.1,3.12,6,1,-2.0,0.1,1.0
127317,ROBERTO VILLANUEVA,49,49,226,202,56,39,12,1,4,23,23,21,9.3,0,2,0,1,0,41,18.1,4,.277,.350,.406,.333,113,.329,113,2.2,3.80,19,0,3.6,0.6,4.6
132639,DAVE WALLACE,51,49,203,193,39,32,2,0,5,19,24,7,3.4,1,1,0,2,0,47,23.2,4,.202,.232,.290,.226,42,.238,36,-0.9,3.55,1,0,-15.3,1.1,1.0
128039,OTTO BAILEY,48,45,199,176,41,32,4,0,5,13,16,22,11.1,0,1,0,0,0,32,16.1,6,.233,.322,.341,.299,85,.259,88,0.3,3.73,1,2,-2.7,0.0,-1.3
122027,RALPH DAVIS,17,17,68,60,13,8,2,3,0,5,9,8,11.8,0,0,0,0,0,10,14.7,0,.217,.309,.350,.292,81,.260,82,-0.1,3.94,1,0,-1.4,-0.2,-0.1
128397,BEN DENNIS,55,55,237,223,49,28,15,1,5,27,29,11,4.6,1,1,0,2,0,54,22.8,3,.220,.257,.363,.265,72,.265,66,-0.8,3.80,0,0,-9.5,0.5,0.5
126754,CARLOS ENCARNACIÓN,51,49,209,173,40,22,12,0,6,27,23,33,15.8,2,1,0,2,0,35,16.7,8,.231,.354,.405,.330,108,.254,108,0.6,4.01,0,0,2.1,-3.7,-3.7
127363,WILLIAM GRAY,42,29,136,127,25,17,4,0,4,15,12,7,5.1,1,0,1,2,0,33,24.3,0,.197,.235,.323,.237,52,.228,45,-0.4,3.65,2,1,-8.8,-0.1,-0.3
128078,EUGENE JACKSON,52,50,219,209,47,33,8,2,4,18,22,7,3.2,0,2,0,1,0,34,15.5,3,.225,.256,.340,.259,62,.250,59,-0.8,3.42,5,4,-10.4,-2.0,-3.3
132001,RAYMOND LAWRENCE,53,53,237,203,58,36,11,1,10,32,33,30,12.7,4,2,0,2,0,50,21.1,7,.286,.380,.498,.367,144,.331,136,1.4,3.82,1,1,10.2,0.0,-0.9
130072,STUART LOWE,8,5,26,26,4,4,0,0,0,2,3,0,0.0,0,0,0,0,0,3,11.5,0,.154,.154,.154,.136,-14,.174,-23,-0.3,3.85,0,0,-3.8,0.3,0.3
121910,DAN MILLER,40,30,140,129,37,27,8,0,2,16,17,5,3.6,0,2,0,4,0,27,19.3,2,.287,.314,.395,.306,99,.337,94,0.5,3.22,11,2,-0.9,0.9,2.2
127893,CHRISTOPHER MOORE,34,34,146,123,27,15,11,0,1,17,13,18,12.3,0,1,0,4,0,23,15.8,5,.220,.315,.333,.290,84,.252,83,-0.0,3.71,1,0,-2.9,1.3,1.2
125005,TEUVO PESOLA,51,49,210,179,49,38,2,1,8,27,17,28,13.3,0,2,0,1,0,11,5.2,6,.274,.376,.430,.356,124,.255,128,1.4,3.92,0,0,7.0,-3.0,-3.0
126046,BRAD REEVES,53,53,238,208,57,40,11,0,6,23,33,28,11.8,1,0,0,2,0,37,15.5,9,.274,.357,.413,.336,110,.305,112,0.5,3.77,0,0,3.6,-4.0,-4.0
127533,RICH STARR,51,51,229,191,53,40,4,0,9,28,23,33,14.4,1,2,0,3,0,23,10.0,4,.277,.384,.440,.359,127,.272,129,1.0,3.91,0,0,8.0,-0.5,-0.5
124319,JEREMY THOMPSON,16,10,45,41,5,3,0,0,2,4,3,1,2.2,0,3,0,0,0,15,33.3,1,.122,.200,.268,.213,28,.125,28,-0.3,3.64,2,1,-3.8,0.1,0.1
130015,LEONARD VARVA,32,11,53,50,9,5,2,0,2,6,4,2,3.8,0,0,0,1,0,10,18.9,0,.180,.208,.340,.233,46,.179,41,-0.2,3.42,0,0,-3.7,-0.0,-0.0
133661,JERRY BENTON,50,50,203,177,45,28,8,0,9,18,23,26,12.8,0,0,0,0,0,41,20.2,2,.254,.350,.452,.350,122,.283,124,0.7,4.18,8,2,5.9,0.1,0.5
129324,JOHN BOWLES,44,43,169,161,38,27,3,0,8,20,25,8,4.7,0,0,1,0,0,51,30.2,2,.236,.272,.404,.292,85,.294,83,0.1,3.75,10,0,-3.2,0.2,2.3
120893,ALFONSO CORREA,50,49,188,165,36,24,7,1,4,19,14,18,9.6,1,3,0,2,0,49,26.1,6,.218,.303,.345,.285,81,.281,79,0.5,3.86,0,1,-4.5,-0.2,-1.2
131041,FRANK DAVIS,45,45,184,167,43,25,8,0,10,26,26,16,8.7,2,1,1,0,1,34,18.5,4,.257,.326,.485,.341,120,.268,117,0.1,3.62,0,1,3.7,-0.7,-1.6
132519,FÉLIX DE LA CRUZ,53,49,233,211,48,27,18,0,3,16,31,21,9.0,0,1,0,0,0,25,10.7,6,.227,.300,.355,.291,82,.246,83,1.1,3.76,18,0,-4.6,2.6,6.4
126828,ERNESTO FUENTES,50,50,227,194,57,43,11,1,2,15,26,29,12.8,0,3,0,1,0,25,11.0,2,.294,.392,.392,.351,115,.327,122,1.1,3.88,0,0,6.2,-1.8,-1.8
133623,ÁNGEL GALLEGOS,15,15,60,57,13,7,4,1,1,4,3,2,3.3,0,1,0,0,0,10,16.7,2,.228,.267,.386,.282,66,.261,70,-0.1,3.67,0,1,-2.1,0.1,-0.5
123053,ERIC GIVENS,44,44,176,164,41,25,7,0,9,24,22,11,6.2,0,0,0,1,0,22,12.5,5,.250,.295,.457,.322,102,.239,103,0.1,3.47,2,2,0.7,0.7,-0.2
136461,TOMÁS HERNÁNDEZ,8,7,33,30,5,3,1,0,1,2,1,3,9.1,1,0,0,0,0,3,9.1,0,.167,.242,.300,.222,51,.154,35,-0.2,3.42,0,0,-2.5,-0.0,-0.0
133795,BOB KENMORE,33,33,149,131,26,15,9,0,2,10,18,15,10.1,0,2,0,1,0,21,14.1,1,.198,.289,.313,.271,75,.220,73,-0.5,3.68,0,1,-4.7,0.5,-0.3
124213,JOSH LLOYD,51,47,213,192,54,35,10,0,9,38,21,13,6.1,1,4,0,4,0,21,9.9,4,.281,.333,.474,.342,126,.271,120,1.2,3.38,2,4,5.2,-1.0,-3.0
133057,HARRY MCNEELY,50,50,234,190,46,37,6,0,3,24,38,40,17.1,1,2,0,2,0,34,14.5,9,.242,.376,.321,.320,93,.277,101,1.0,3.85,6,1,0.4,1.3,1.5
121859,JONATHAN MCPHE,10,10,35,31,8,4,2,0,2,8,5,4,11.4,0,0,0,0,0,6,17.1,0,.258,.343,.516,.368,125,.261,132,0.1,3.97,0,0,1.3,0.2,0.2
133602,JAVIER RODRÍGUEZ,54,50,224,199,46,36,9,0,1,15,35,23,10.3,1,0,0,2,0,42,18.8,3,.231,.308,.291,.270,69,.285,68,0.5,3.73,24,2,-8.3,2.6,6.8
127591,MIKE RYAN,36,35,143,130,28,21,5,0,2,11,15,11,7.7,0,0,0,2,0,30,21.0,3,.215,.273,.300,.255,57,.260,57,-0.1,3.52,1,0,-7.2,-0.4,-0.5
126129,MIKE WOODWORTH,49,49,192,174,45,30,8,0,7,27,20,16,8.3,0,1,2,1,0,34,17.7,7,.259,.323,.425,.326,105,.284,106,0.7,3.70,3,1,1.5,0.1,-0.1
132747,GEORGE ADAMIC,53,48,211,183,50,28,12,1,9,25,33,26,12.3,1,1,0,1,0,35,16.6,1,.273,.365,.497,.368,138,.293,136,1.7,3.98,9,3,9.2,0.4,0.6
128190,TOM ALEXANDER,38,36,151,140,28,19,2,0,7,20,13,8,5.3,0,3,0,0,0,45,29.8,4,.200,.258,.364,.273,70,.239,70,-0.2,3.72,0,0,-5.3,0.4,0.4
126258,JOHN ALFORD,50,50,217,183,39,28,4,0,7,21,22,29,13.4,0,3,0,2,0,33,15.2,3,.213,.327,.350,.305,89,.221,93,0.3,4.02,1,2,-1.8,-1.0,-2.4
135085,DAVE ALLEN,30,11,49,39,10,5,3,0,2,8,4,10,20.4,1,0,0,0,0,13,26.5,2,.256,.408,.487,.377,149,.333,142,0.3,4.20,4,1,2.5,-0.3,0.0
122465,DUSTY ALLEN,29,22,103,87,21,13,3,0,5,16,10,15,14.6,0,0,0,1,0,18,17.5,6,.241,.350,.448,.348,130,.246,126,0.5,3.80,0,0,3.2,0.6,0.6
130307,CARLOS ALVARADO,46,40,170,151,35,23,6,0,6,26,21,15,8.8,0,2,0,2,0,24,14.1,2,.232,.306,.391,.305,90,.236,91,0.4,3.84,0,0,-1.7,0.9,0.9
131966,MIGUEL ALVERO,52,51,221,192,58,31,14,0,13,39,38,22,10.0,2,3,0,4,0,17,7.7,3,.302,.376,.578,.395,164,.271,156,2.6,3.52,18,1,14.8,0.8,4.1
132078,JAVIER ANAYA,15,15,50,46,10,9,0,1,0,4,4,4,8.0,0,0,1,0,0,10,20.0,1,.217,.280,.261,.246,52,.278,52,0.0,3.84,0,0,-2.8,0.0,0.0
128132,JACK ANDERSON,9,3,26,23,5,3,2,0,0,2,2,3,11.5,0,0,0,0,0,0,0.0,1,.217,.308,.304,.278,67,.217,72,-0.0,3.42,0,0,-0.9,0.1,0.1
134083,MARTÍN ANDRADE,55,55,247,218,59,38,7,1,13,37,43,26,10.5,1,2,0,1,0,45,18.2,7,.271,.352,.491,.361,130,.286,130,1.1,3.69,0,0,9.0,-0.2,-0.2
126774,LEE BADER,21,,28,26,9,9,0,0,0,2,4,2,7.1,0,0,0,0,0,3,10.7,1,.346,.393,.346,.334,109,.391,113,0.2,3.14,2,0,0.4,0.4,0.8
136286,CAMILLO BAGGIO,53,53,229,212,55,38,9,3,5,29,22,14,6.1,4,2,0,1,0,33,14.4,11,.259,.310,.401,.297,97,.286,87,-0.8,3.36,0,0,-3.3,-4.2,-4.2
127371,TYNAN BANKS,13,8,37,34,7,6,1,0,0,4,2,3,8.1,0,0,0,0,0,8,21.6,1,.206,.270,.235,.234,43,.269,43,-0.1,3.86,3,0,-2.5,0.3,0.9
132657,JOE BARKER,51,51,223,202,54,32,18,1,3,16,34,18,8.1,0,1,0,2,0,27,12.1,5,.267,.327,.411,.321,107,.293,105,1.0,3.89,14,3,1.4,-0.6,0.8
124354,CHET BARRY,14,13,61,59,16,12,2,1,1,4,10,2,3.3,0,0,0,0,0,10,16.4,0,.271,.295,.390,.297,76,.312,80,0.2,3.38,0,0,-1.4,0.9,0.9
123987,PALMER BARRY,18,8,49,42,7,2,3,0,2,6,6,6,12.2,1,1,0,0,0,14,28.6,0,.167,.286,.381,.281,84,.192,76,-0.1,3.76,0,0,-1.4,-0.2,-0.2
128139,CHARLES BARRÓN,51,50,216,179,50,25,19,0,6,31,34,32,14.8,0,3,0,2,0,27,12.5,2,.279,.394,.486,.382,127,.297,139,2.1,3.96,18,0,10.0,0.3,4.1
129927,PAUL BARTLETT,50,50,187,173,45,34,8,0,3,19,20,13,7.0,1,1,7,0,0,47,25.1,3,.260,.316,.358,.295,85,.341,85,1.1,3.80,8,0,-3.3,2.0,3.5
125614,LARRY BEAUPRE,1,1,4,4,0,0,0,0,0,0,0,0,0.0,0,0,0,0,0,1,25.0,0,.000,.000,.000,.000,-100,.000,-117,-0.2,5.75,0,0,-1.0,0.0,0.0
130098,MERLIN BENNETT,50,50,215,198,44,27,12,1,4,22,27,16,7.4,0,1,0,0,0,28,13.0,1,.222,.284,.354,.281,79,.241,77,0.2,3.58,5,2,-5.8,0.4,0.1
131934,DOMINGO BENÍTEZ,45,45,178,157,26,21,4,0,1,6,16,20,11.2,0,1,4,0,0,40,22.5,3,.166,.264,.210,.226,34,.216,37,-0.5,3.90,1,2,-13.2,0.1,-1.1
125739,SAL BERRY,45,42,155,126,33,25,6,0,2,11,13,25,16.1,2,4,0,0,0,27,17.4,1,.262,.400,.357,.339,116,.320,117,0.4,4.28,3,0,3.2,-0.6,-0.4
128654,KIRK BISHOP,22,18,67,65,9,7,1,0,1,4,5,2,3.0,0,0,0,0,0,22,32.8,3,.138,.164,.200,.162,2,.190,-4,-0.4,3.93,0,1,-8.3,0.0,-0.6
123841,WILLIAM BLACK,37,35,155,133,39,33,1,0,5,30,21,19,12.3,0,1,0,2,0,27,17.4,5,.293,.381,.414,.352,119,.330,124,0.7,3.63,1,0,4.4,0.1,-0.2
133983,ALBERT BLANDFORD,1,1,3,3,0,0,0,0,0,0,0,0,0.0,0,0,0,0,0,0,0.0,1,.000,.000,.000,.000,-100,.000,-119,-0.1,2.33,1,0,-0.8,0.0,0.2
132497,YURI BOEHMER,42,42,156,145,41,31,8,0,2,18,9,5,3.2,0,1,4,5,0,20,12.8,6,.283,.301,.379,.293,91,.305,85,0.6,3.81,2,0,-2.7,-0.5,-0.4
127719,BOB BRADLEY,53,53,232,209,69,49,9,3,8,29,27,21,9.1,0,1,0,1,0,26,11.2,6,.330,.392,.517,.391,149,.347,152,1.6,3.54,1,1,14.4,0.4,-0.5
122194,LYNWOOD BRADLEY,25,13,55,50,8,2,4,0,2,8,4,4,7.3,2,1,0,0,0,23,41.8,0,.160,.236,.360,.235,67,.240,46,-0.4,3.85,0,0,-3.5,-0.8,-0.8
135166,RAY BRADLEY,48,45,211,186,49,32,14,1,2,11,24,23,10.9,1,1,0,1,0,25,11.8,5,.263,.346,.382,.320,89,.294,96,0.3,3.54,1,1,-0.9,-1.0,-1.8
133024,RONNIE BRANTLEY,42,21,112,102,30,23,6,0,1,12,17,8,7.1,0,2,0,0,0,19,17.0,4,.294,.357,.382,.329,106,.354,109,0.2,3.80,1,0,1.3,-0.8,-0.9
121858,BRIAN BROWN,41,41,170,145,40,27,4,0,9,30,24,21,12.4,2,1,1,3,0,34,20.0,7,.276,.365,.490,.359,131,.295,128,1.3,3.78,0,0,5.7,-0.3,-0.3
126382,BRUCE BROWN,9,8,34,32,8,7,0,0,1,3,4,2,5.9,0,0,0,0,0,2,5.9,0,.250,.294,.344,.282,70,.241,73,0.0,2.85,0,0,-1.1,0.4,0.4
123072,PAUL BROWN,22,18,71,54,8,5,2,0,1,4,10,16,22.5,0,1,0,0,0,9,12.7,2,.148,.352,.241,.293,67,.159,83,0.2,4.10,0,0,-1.4,-1.4,-1.4
130745,RON BROWN,41,41,151,140,39,27,9,0,3,21,17,10,6.6,0,0,2,1,0,32,21.2,3,.279,.325,.407,.319,102,.340,102,0.6,3.85,1,0,0.4,-1.3,-1.4
130449,ANDREW BURNETT,55,50,217,187,35,25,6,0,4,15,26,27,12.4,0,3,0,0,0,40,18.4,1,.187,.300,.283,.270,64,.217,69,-0.1,3.80,3,2,-8.0,0.1,-0.7
132943,VINCENTE BÓRQUEZ,52,51,242,198,48,27,9,3,9,27,40,39,16.1,0,3,0,2,0,42,17.4,2,.242,.372,.455,.361,132,.262,132,2.3,4.00,21,2,9.4,1.1,4.6
125903,DALE CABR,50,48,203,180,49,37,4,0,8,30,25,18,8.9,0,1,0,4,0,33,16.3,6,.272,.335,.428,.331,108,.287,109,0.0,3.80,0,0,2.3,0.2,0.2
135123,DALE CANNON,39,39,160,144,31,24,5,1,1,20,14,15,9.4,0,0,1,1,0,26,16.2,4,.215,.287,.285,.259,62,.254,62,0.0,3.95,0,0,-7.2,0.1,0.1
127633,MIKE CANTRELL,51,51,222,202,52,23,8,0,21,47,36,16,7.2,0,2,0,2,0,50,22.5,1,.257,.315,.609,.385,144,.233,146,2.3,3.75,0,0,12.2,0.2,0.2
128106,ÁNGEL CANÓ,13,13,50,49,5,4,1,0,0,2,0,0,0.0,0,1,0,0,0,15,30.0,0,.102,.120,.122,.110,-32,.147,-41,-0.5,3.10,0,0,-8.4,-0.1,-0.1
131033,JORGE CARDENAS,41,41,164,152,42,28,10,2,2,14,19,7,4.3,0,3,0,2,0,29,17.7,1,.276,.317,.408,.314,98,.325,98,0.2,3.53,0,0,-0.3,1.4,1.4
134547,MICHAEL CARR,50,50,210,179,51,34,8,0,9,26,31,26,12.4,0,2,0,3,0,27,12.9,3,.285,.376,.480,.371,131,.288,135,1.3,3.85,1,1,8.9,-1.3,-2.2
132439,MIGUEL CARRASCO,42,41,171,156,37,27,4,0,6,23,19,13,7.6,0,1,0,1,0,29,17.0,5,.237,.298,.378,.297,84,.254,86,0.5,3.87,0,0,-2.8,-0.7,-0.7
127073,GABE CARRILLO,46,42,184,172,36,26,5,0,5,20,19,10,5.4,0,1,0,1,0,24,13.0,5,.209,.255,.326,.256,59,.215,58,-0.1,3.64,0,1,-9.1,-0.2,-1.1
128599,PETER CARTER,53,49,199,180,52,38,10,0,4,23,23,14,7.0,0,1,0,4,0,25,12.6,8,.289,.337,.411,.325,108,.310,107,0.7,3.45,2,3,1.7,-1.0,-2.5
125854,CHAD CARVER,48,36,163,150,41,30,7,0,4,18,16,9,5.5,0,0,0,4,0,14,8.6,4,.273,.307,.400,.304,92,.272,91,0.1,3.55,0,0,-1.7,1.2,1.2
119893,TOM CARVER,44,44,194,166,47,24,8,0,15,52,33,22,11.3,0,1,0,5,0,48,24.7,3,.283,.361,.602,.400,162,.296,158,1.2,4.09,1,2,13.6,-1.8,-3.0
133484,JUAN JOSE CASTILLO,16,12,52,47,10,7,1,0,2,6,7,3,5.8,0,0,0,2,0,14,26.9,1,.213,.250,.362,.261,56,.242,55,-0.1,3.73,1,0,-2.7,0.5,0.7
134657,STEVE CATRON,15,14,52,47,12,11,0,0,1,3,7,4,7.7,0,0,0,1,0,5,9.6,0,.255,.308,.319,.279,76,.262,75,-0.0,3.67,0,0,-1.5,-2.7,-2.7
130924,JIMMY CAUFIEL,42,42,178,156,43,28,9,0,6,24,16,16,9.0,1,2,0,4,0,30,16.9,4,.276,.343,.449,.337,114,.298,113,1.5,3.58,0,0,2.8,-2.0,-2.0
129408,HYUNG-CHOR CHO,17,13,48,43,6,5,0,0,1,5,2,4,8.3,0,0,0,1,0,6,12.5,2,.140,.208,.209,.192,19,.135,16,-0.3,3.35,0,0,-4.8,0.2,0.2
135497,ALBERTO CHÁVEZ,27,9,53,50,12,12,0,0,0,3,8,2,3.8,0,0,0,1,0,10,18.9,1,.240,.264,.240,.226,44,.293,39,0.0,3.19,10,0,-3.8,0.4,2.7
120063,B.J. CLARK,53,48,213,185,56,35,9,0,12,32,27,24,11.3,0,4,0,0,0,34,16.0,6,.303,.394,.546,.404,159,.317,161,1.9,3.70,0,0,15.6,0.7,0.7
125719,RICHIE CLARK,53,50,229,204,74,42,15,1,16,41,38,18,7.9,0,5,0,2,0,26,11.4,3,.363,.424,.681,.463,198,.354,201,3.1,3.52,3,4,27.6,-2.7,-4.6
134932,NICK CLEV,42,42,158,140,25,20,3,0,2,9,15,17,10.8,0,0,1,1,0,25,15.8,6,.179,.266,.243,.236,41,.202,44,-0.1,3.81,0,0,-10.5,-0.1,-0.1
129971,WALT COLEMAN,43,42,150,139,24,19,4,0,1,13,11,9,6.0,0,1,2,1,0,52,34.7,2,.173,.227,.223,.205,26,.264,24,-0.3,3.85,0,0,-13.5,0.4,0.4
121911,RYAN COLLINS,37,20,90,81,22,13,5,1,3,17,12,7,7.8,0,1,1,1,0,17,18.9,1,.272,.333,.469,.344,120,.306,119,0.6,3.69,5,1,2.1,-0.2,0.3
133982,BOBBY COOK,50,47,196,178,41,32,3,0,6,17,16,17,8.7,0,0,0,1,0,55,28.1,6,.230,.296,.348,.286,79,.297,79,-0.5,4.14,3,2,-4.7,-1.3,-2.0
121169,HUGH COOPER,18,10,51,45,16,8,7,0,1,7,8,3,5.9,0,3,1,0,0,6,11.8,0,.356,.431,.578,.433,173,.395,180,0.6,3.67,0,0,4.9,0.5,0.5
126064,JEFF COOPER,18,14,55,48,13,11,1,0,1,6,6,7,12.7,0,0,1,0,0,9,16.4,3,.271,.364,.354,.325,101,.316,106,0.2,3.55,0,0,0.4,-0.4,-0.4
136161,FORTUNATO CORVO,51,51,202,195,50,37,8,0,5,27,22,6,3.0,0,0,0,1,0,33,16.3,4,.256,.277,.374,.282,80,.285,77,-0.6,3.58,2,2,-5.4,-0.5,-1.4
130510,DENNIS COWIE,46,46,196,170,43,34,9,0,0,16,18,24,12.2,1,1,2,1,0,17,8.7,5,.253,.347,.306,.296,80,.279,84,-0.2,3.48,0,0,-3.6,0.0,0.0
132954,RICARDO CRUZ,30,30,126,115,26,13,6,0,7,18,14,8,6.3,1,2,0,1,0,23,18.3,5,.226,.286,.461,.313,103,.221,98,-0.0,3.67,2,0,-0.2,-1.3,-1.0
132779,GIL CUMMINS,51,49,206,185,52,34,9,0,9,33,28,20,9.7,0,0,0,1,0,35,17.0,4,.281,.350,.476,.356,130,.303,129,1.2,3.78,0,1,7.3,-0.1,-1.1
127267,ROGER DAI,55,55,243,223,54,38,7,0,9,32,26,15,6.2,0,0,0,5,0,39,16.0,8,.242,.284,.395,.292,86,.250,83,-0.4,3.59,3,3,-4.6,-0.2,-1.5
129930,JOE DAVANON,51,50,192,171,44,29,9,1,5,28,18,19,9.9,2,2,0,0,0,31,16.1,2,.257,.339,.409,.322,112,.289,106,1.2,3.62,5,1,1.6,0.4,0.6
128695,BRIAN DAVIDSON,21,20,78,69,15,12,2,0,1,6,4,4,5.1,0,4,1,1,0,17,21.8,3,.217,.295,.290,.267,62,.269,65,-0.3,3.60,0,1,-3.2,-2.8,-3.5
132209,DANIEL DAWSON,40,39,148,135,20,15,5,0,0,10,7,10,6.8,2,0,0,3,0,19,12.8,6,.148,.203,.185,.169,8,.168,-1,-0.8,3.62,0,0,-17.9,-0.5,-0.5
131081,JOHAN DE JONGH,27,27,121,111,20,13,2,0,5,9,5,9,7.4,0,1,0,0,0,44,36.4,5,.180,.248,.333,.257,58,.242,58,-0.6,4.22,0,0,-5.9,-0.7,-0.7
133976,STEVE DEAN,6,3,14,14,2,2,0,0,0,0,0,0,0.0,0,0,0,0,0,0,0.0,1,.143,.143,.143,.126,-18,.143,-28,-0.2,3.14,0,0,-2.1,0.0,0.0
128216,JERMAINE DEGE,53,51,215,190,58,43,12,0,3,13,27,22,10.2,1,2,0,1,0,25,11.6,3,.305,.381,.416,.349,126,.337,125,2.0,3.86,5,3,6.5,1.6,0.7
133757,BLAIR DELANEY,8,7,30,28,7,5,2,0,0,2,3,2,6.7,0,0,1,0,0,4,13.3,1,.250,.300,.321,.277,74,.292,73,-0.2,3.67,0,2,-0.9,0.0,-1.1
129694,ANASTASIO DELGADO,23,23,98,87,19,14,2,0,3,12,10,10,10.2,0,0,0,1,0,12,12.2,1,.218,.296,.345,.285,76,.219,78,0.1,3.65,3,1,-2.5,0.7,0.7
125802,PORTER DILLON,51,51,206,184,36,26,4,1,5,19,20,21,10.2,1,1,0,0,0,16,7.8,5,.196,.282,.310,.264,68,.190,66,-0.8,3.30,5,1,-8.3,0.2,0.4
123972,BARRETT DOBSON,49,49,226,182,44,24,11,1,8,14,33,41,18.1,2,3,0,0,1,39,17.3,2,.242,.389,.445,.363,133,.267,133,2.0,4.08,2,1,9.0,0.6,-0.0
123225,GILBERTO DONZELLI,16,9,47,45,10,7,1,0,2,5,5,2,4.3,0,0,0,0,0,10,21.3,1,.222,.255,.378,.274,81,.242,75,-0.1,3.94,0,0,-1.4,-0.4,-0.4
128221,THOMAS DUPRÉ,50,50,226,202,51,30,9,0,12,28,35,22,9.7,0,2,0,0,0,57,25.2,6,.252,.332,.475,.349,117,.293,121,1.1,3.79,5,0,5.7,1.7,2.4
132669,RAFAEL DURÁN,54,53,237,213,46,23,11,0,12,35,24,18,7.6,1,4,0,2,0,70,29.5,5,.216,.287,.437,.308,90,.256,91,0.1,3.84,0,0,-2.4,-1.1,-1.1
125168,BUDDY ELLIOTT,13,13,54,48,9,9,0,0,0,2,6,5,9.3,0,1,0,0,0,8,14.8,0,.188,.278,.188,.225,34,.225,38,-0.1,3.72,1,2,-3.9,0.1,-0.9
133086,ALOYOSHENKA ELOVIKOV,40,39,148,140,30,15,12,0,3,24,15,6,4.1,0,0,0,2,1,19,12.8,2,.214,.243,.364,.260,65,.225,61,-0.0,3.34,2,1,-6.8,-0.5,-0.8
132520,JOSÉ ELÍAS,14,14,52,50,8,8,0,0,0,6,1,1,1.9,0,0,0,1,0,11,21.2,1,.160,.173,.160,.149,-2,.200,-10,-0.3,3.83,0,0,-6.8,-0.6,-0.6
124079,DON EVANS,18,1,23,21,4,2,1,0,1,5,1,1,4.3,0,0,0,1,0,10,43.5,0,.190,.217,.381,.249,62,.273,54,-0.1,3.39,0,0,-1.2,0.0,0.0
124703,RANDY FAULKNER,50,50,201,186,39,28,6,0,5,17,21,13,6.5,0,2,0,0,0,45,22.4,2,.210,.269,.323,.263,71,.250,67,0.9,3.74,11,0,-7.7,1.0,3.2
131996,LUIS FERNÁNDEZ,6,1,9,7,0,0,0,0,0,0,2,2,22.2,0,0,0,0,0,1,11.1,1,.000,.222,.000,.155,-31,.000,-11,-0.0,4.44,0,0,-1.2,-0.0,-0.0
129059,TERRY FERRELL,2,2,8,8,2,2,0,0,0,1,0,0,0.0,0,0,0,0,0,0,0.0,0,.250,.250,.250,.221,42,.250,36,-0.1,2.00,0,0,-0.6,0.0,0.0
120879,JOHNNY FLEMING,13,13,50,49,10,9,0,0,1,7,3,1,2.0,0,0,1,0,0,3,6.0,3,.204,.220,.265,.214,35,.200,29,-0.1,3.42,0,0,-4.2,0.1,0.1
130931,MIKE GALLMAN,1,,1,1,0,0,0,0,0,0,0,0,0.0,0,0,0,0,0,1,100.0,0,.000,.000,.000,.000,-100,.000,-116,-0.0,5.00,0,0,-0.3,0.0,0.0
123325,JORGE GARCÍA,16,9,39,37,10,7,2,0,1,8,4,2,5.1,0,0,0,0,0,8,20.5,0,.270,.308,.405,.310,98,.321,97,0.3,3.97,1,0,-0.1,-0.0,0.1
128694,JOSÉ GARCÍA,12,5,34,32,6,5,1,0,0,3,4,2,5.9,0,0,0,0,0,9,26.5,0,.188,.235,.219,.208,25,.261,23,-0.2,3.85,0,0,-3.1,0.4,0.4
133492,JÚLIO GARCÍA,28,14,73,69,18,12,4,0,2,8,8,3,4.1,0,1,0,0,0,6,8.2,4,.261,.301,.406,.308,92,.262,93,0.0,3.77,1,0,-0.6,0.6,0.7
128539,MILLARD GARCÍA,43,42,171,157,48,38,6,1,3,23,17,11,6.4,0,2,0,1,0,18,10.5,2,.306,.357,.414,.338,109,.328,113,0.9,3.53,0,0,2.8,-3.8,-3.8
133183,RODRIGO GARCÍA,10,5,27,27,10,6,3,0,1,3,6,0,0.0,0,0,0,0,0,4,14.8,1,.370,.370,.593,.410,158,.409,163,0.2,3.41,2,0,2.1,-0.2,0.2
131000,VÍCTOR GERMÁN,52,51,227,203,75,50,13,1,11,33,39,21,9.3,0,1,0,2,0,33,14.5,5,.369,.427,.606,.439,180,.398,184,3.2,3.67,4,1,22.7,0.1,-0.2
128184,KEN GIBSON,52,50,227,216,61,42,13,0,6,16,31,8,3.5,0,3,0,0,0,58,25.6,1,.282,.317,.426,.323,101,.362,103,0.7,3.69,11,1,1.0,-1.5,0.2
123103,OLLIE GILL,18,14,59,49,17,12,3,1,1,14,6,8,13.6,0,1,0,1,0,3,5.1,1,.347,.441,.510,.411,168,.348,167,0.5,3.71,0,0,4.7,-0.4,-0.4
133894,JIM GINSBERG,52,50,220,200,52,37,7,0,8,25,24,16,7.3,0,1,0,3,0,12,5.5,2,.260,.314,.415,.316,100,.240,100,0.4,3.52,8,0,0.1,-0.4,1.0
128479,ROBERTO GONZÁLES,52,50,239,210,71,43,7,2,19,35,47,27,11.3,0,1,0,1,0,46,19.2,4,.338,.414,.662,.451,194,.356,194,3.3,3.89,9,7,26.8,0.1,-1.9
126357,CLINT GORMAN,24,19,87,71,21,9,6,0,6,16,17,14,16.1,1,0,0,2,0,29,33.3,4,.296,.402,.634,.421,179,.395,172,0.8,4.52,0,0,7.5,-0.1,-0.1
132511,RYU GOTO,43,42,157,143,37,25,7,0,5,17,15,12,7.6,0,2,3,0,0,34,21.7,3,.259,.325,.413,.323,107,.308,107,0.6,3.64,0,0,1.3,-2.6,-2.6
126498,KENT GOULD,51,51,204,180,33,19,7,1,6,19,28,21,10.3,0,1,1,2,0,70,34.3,3,.183,.270,.333,.268,65,.255,66,-0.2,3.91,2,2,-8.2,0.2,-0.7
130869,CHRIS GRAHAM,31,29,126,116,28,21,2,0,5,16,14,8,6.3,0,0,0,2,0,19,15.1,2,.241,.286,.388,.292,89,.245,85,-0.3,3.42,0,1,-2.2,-1.6,-2.4
128405,PAT GRAVES,48,34,146,133,30,21,5,0,4,14,13,11,7.5,0,0,1,2,0,27,18.5,3,.226,.281,.353,.278,76,.250,74,0.3,3.61,7,3,-4.4,-1.2,-1.4
128346,ATRO GREEN,32,25,119,110,26,16,7,0,3,11,15,8,6.7,0,0,0,1,0,14,11.8,1,.236,.286,.382,.290,81,.245,81,0.5,3.29,6,1,-2.6,0.1,0.8
127010,RON GREGORY,34,29,129,115,28,17,4,0,7,19,15,13,10.1,0,0,0,1,0,25,19.4,2,.243,.318,.461,.335,110,.250,112,0.3,3.93,0,0,1.9,-0.5,-0.5
120238,ROY GRIFFIN,48,47,219,199,48,37,4,0,7,21,29,18,8.2,0,1,0,1,0,41,18.7,2,.241,.306,.367,.297,95,.270,91,-0.0,3.77,6,1,-2.2,-0.8,-0.4
133359,ENRICO GUZMÁN,31,31,115,102,23,14,3,0,6,12,10,10,8.7,0,2,0,1,0,29,25.2,3,.225,.304,.431,.319,102,.250,102,0.5,3.83,3,0,0.4,0.3,0.8
125832,MÁXIMO GUZMÁN,49,49,220,195,58,33,11,0,14,50,40,19,8.6,1,4,0,2,0,20,9.1,4,.297,.368,.569,.394,151,.270,152,2.4,3.42,8,1,13.8,-0.5,0.4
123310,CARLOS GÁLVEZ,42,42,161,137,35,19,3,1,12,31,27,24,14.9,0,0,0,0,0,30,18.6,6,.255,.366,.555,.392,163,.242,156,1.9,4.04,0,0,10.9,-1.1,-1.1
122364,JORGE GÓMES,19,12,55,51,10,7,1,0,2,4,8,4,7.3,0,0,0,0,0,12,21.8,0,.196,.255,.333,.259,63,.216,62,-0.1,4.29,1,0,-2.5,0.0,0.2
133079,EARNEST HAMILTON,5,5,18,18,6,4,2,0,0,1,4,0,0.0,0,0,0,0,0,3,16.7,0,.333,.333,.444,.335,114,.400,113,-0.1,2.72,1,0,0.3,0.0,0.2
121357,FRANK HAMPTON,50,49,220,206,47,31,11,1,4,15,25,12,5.5,0,1,1,1,0,37,16.8,0,.228,.273,.350,.272,70,.259,69,0.8,3.52,16,2,-8.0,0.9,3.4
126283,MIKE HARPER,18,18,66,63,15,11,2,0,2,7,6,3,4.5,0,0,0,0,1,10,15.2,0,.238,.273,.365,.278,74,.255,73,0.0,3.62,1,0,-2.1,0.4,0.5
133432,JOHNATHAN HARRIS,16,16,72,56,13,10,2,0,1,8,15,14,19.4,0,1,0,1,0,3,4.2,3,.232,.389,.321,.331,102,.226,111,0.4,4.25,2,1,0.9,0.7,0.5
126506,JEFF HAWKINS,19,10,41,36,9,7,0,0,2,3,3,4,9.8,0,1,0,0,0,16,39.0,0,.250,.341,.417,.335,108,.389,112,0.4,3.90,0,0,0.6,-0.5,-0.5
132308,LLOYD HENDERSON,8,4,18,16,3,2,0,1,0,1,1,1,5.6,0,0,0,1,0,1,5.6,1,.188,.222,.312,.225,41,.188,33,-0.0,3.22,0,0,-1.4,0.2,0.2
136055,ARMANDO HERNÁNDEZ,21,21,95,83,14,8,1,1,4,17,13,11,11.6,0,1,0,0,0,37,38.9,0,.169,.274,.349,.278,70,.238,72,-0.1,4.29,0,0,-3.1,-0.3,-0.3
136115,VALENTÍN HERNÁNDEZ,55,52,247,213,54,30,13,2,9,31,42,31,12.6,1,3,0,0,0,48,19.4,4,.254,.356,.460,.353,116,.288,122,1.1,3.94,0,0,6.5,0.7,0.7
131065,ANDREW HERRELL,15,9,38,36,11,8,3,0,0,0,2,2,5.3,0,0,0,0,0,7,18.4,0,.306,.342,.389,.321,100,.379,102,0.0,3.66,0,0,0.1,-0.4,-0.4
133343,JEFFERY HILL,50,50,221,195,37,23,6,0,8,20,25,24,10.9,0,2,0,0,0,37,16.7,2,.190,.285,.344,.281,82,.193,80,0.4,3.78,0,0,-5.2,1.2,1.2
128418,TONY HILLIARD,14,14,57,49,15,8,6,1,0,6,8,8,14.0,0,0,0,0,0,8,14.0,1,.306,.404,.469,.381,143,.366,145,0.6,3.58,8,0,3.1,-1.4,0.4
120871,JERRY HINOJOSA,37,34,161,147,33,21,8,0,4,17,21,14,8.7,0,0,0,0,0,30,18.6,1,.224,.292,.361,.288,77,.257,79,-0.3,3.68,1,0,-3.9,1.2,1.1
120774,JONATHAN HOLMES,13,10,43,38,6,4,2,0,0,7,3,3,7.0,0,0,0,2,0,8,18.6,0,.158,.209,.211,.189,15,.188,10,-0.3,3.51,1,0,-4.6,0.5,0.7
126891,DENNIS HOOD,49,41,205,176,42,33,7,0,2,20,24,26,12.7,0,2,0,1,0,18,8.8,4,.239,.341,.312,.300,82,.255,88,0.7,3.83,16,1,-2.8,0.9,3.6
134275,MATT HOUSE,52,49,225,193,51,33,9,1,8,31,34,28,12.4,0,2,0,2,0,51,22.7,4,.264,.360,.446,.352,120,.316,123,1.8,3.88,4,0,6.3,1.6,2.0
129355,YUAN HUANG,49,49,237,198,57,37,9,1,10,27,42,36,15.2,0,2,1,1,0,27,11.4,3,.288,.401,.495,.389,144,.290,149,3.2,3.94,40,1,13.9,1.1,9.6
130260,DENNIS HUGHES,16,16,65,61,9,5,2,0,2,5,5,0,0.0,0,4,0,0,0,15,23.1,1,.148,.200,.279,.213,29,.159,27,0.0,3.68,0,0,-5.6,-0.2,-0.2
122585,KEN HUNT,43,42,148,138,31,22,6,0,3,17,14,4,2.7,0,5,1,1,0,25,16.9,7,.225,.270,.333,.266,67,.252,66,0.4,3.22,0,0,-6.0,-1.0,-1.0
126121,MIKE JACKSON,17,17,68,59,17,12,3,0,2,8,8,8,11.8,0,1,0,0,0,7,10.3,1,.288,.382,.441,.363,132,.300,134,0.4,3.76,0,0,2.8,-1.0,-1.0
132152,DANNY JACOBS,21,21,93,82,20,10,2,1,7,13,17,10,10.8,0,1,0,0,0,25,26.9,1,.244,.333,.549,.374,141,.260,140,0.8,4.19,5,1,4.5,-0.8,-0.3
123637,RALPH JOHNSTON,49,48,218,188,47,34,6,1,6,21,38,24,11.0,0,3,0,3,0,41,18.8,1,.250,.339,.388,.322,103,.285,104,1.3,3.85,24,2,1.2,-0.7,3.5
129024,WESTON JOHNSTON,49,47,206,187,55,37,12,0,6,29,27,19,9.2,0,0,0,0,0,32,15.5,3,.294,.359,.455,.355,123,.329,126,0.7,3.67,0,1,6.5,-1.6,-2.6
132312,MARTIN JOHNSTONE JR.,32,28,105,103,23,13,6,1,3,9,12,2,1.9,0,0,1,0,0,28,26.7,6,.223,.238,.388,.267,71,.278,66,0.5,3.76,0,0,-4.1,0.0,0.0
131587,AL JOHNSTOUNE,50,49,225,194,49,38,10,0,1,14,26,30,13.3,2,0,1,1,0,34,15.1,0,.253,.351,.320,.300,91,.300,90,0.4,3.87,19,4,-2.4,0.7,2.7
129050,KEVIN JONES,47,35,157,141,41,30,3,0,8,34,19,13,8.3,3,2,0,1,0,32,20.4,4,.291,.357,.482,.350,131,.324,123,0.5,3.46,1,0,4.5,0.5,0.3
134872,STEWART JONES,50,47,208,196,59,37,6,2,14,40,36,9,4.3,0,2,0,1,0,25,12.0,3,.301,.337,.566,.382,145,.285,145,1.6,3.59,0,0,11.4,-4.0,-4.0
134510,WELDON JONES,49,49,222,185,48,29,11,1,7,32,35,33,14.9,1,4,0,0,0,43,19.4,4,.259,.383,.443,.362,125,.304,130,1.6,4.00,0,0,8.0,-0.8,-0.8
133574,NAIM KALAJ,18,12,59,55,13,9,2,1,1,11,6,4,6.8,0,0,0,0,0,19,32.2,4,.236,.288,.364,.285,77,.343,78,-0.1,3.86,1,0,-1.5,0.2,0.3
136066,HAYDEN KEEVIL,50,47,212,185,56,33,10,1,12,29,33,25,11.8,0,1,0,1,0,38,17.9,3,.303,.387,.562,.404,160,.324,161,2.2,3.79,16,3,15.4,0.2,2.0
132153,DANNY KEITH JR.,41,39,174,133,27,15,7,0,5,17,26,37,21.3,0,4,0,0,0,43,24.7,0,.203,.391,.368,.349,117,.259,125,1.1,4.17,3,0,5.2,0.4,0.6
127574,TROY KELLY,3,3,9,7,1,1,0,0,0,0,0,1,11.1,0,1,0,0,0,2,22.2,0,.143,.333,.143,.256,31,.200,52,-0.1,3.67,0,1,-0.5,-0.1,-0.6
126894,BRANDON KING,13,12,44,44,13,7,3,0,3,6,5,0,0.0,0,0,1,0,0,10,22.7,2,.295,.295,.568,.364,130,.323,132,0.6,3.45,0,0,1.7,0.5,0.5
136437,JEFF KODDE,53,53,248,210,56,39,11,2,4,25,35,33,13.3,2,2,0,3,0,22,8.9,4,.267,.367,.395,.333,113,.278,111,0.9,3.99,18,2,3.5,-0.7,1.9
134054,JUDD KRAUSE,47,47,214,189,54,37,9,0,8,26,24,22,10.3,1,1,3,2,0,20,9.3,3,.286,.360,.460,.353,124,.282,124,0.6,3.63,4,3,6.3,-1.0,-2.2
128185,ROBERT KRAUSE,3,,3,3,0,0,0,0,0,0,0,0,0.0,0,0,0,0,0,1,33.3,0,.000,.000,.000,.000,-100,.000,-118,-0.1,2.67,0,0,-0.8,0.0,0.0
127446,BILLY LANE,53,53,228,198,56,35,16,1,4,21,21,26,11.4,0,0,0,4,0,25,11.0,4,.283,.360,.434,.345,118,.301,119,0.7,3.76,1,0,5.3,-1.2,-1.6
126496,DAN LARKIN,53,50,240,204,63,38,8,0,17,33,40,33,13.8,4,1,0,2,0,31,12.9,6,.309,.404,.598,.412,168,.291,164,2.4,3.86,1,4,18.4,-2.1,-4.5
126546,MICHAEL LARSON,14,14,53,51,9,9,0,0,0,0,3,2,3.8,0,0,0,0,0,18,34.0,3,.176,.208,.176,.176,6,.273,2,-0.5,3.87,0,0,-6.2,-1.6,-1.6
119995,SÉBASTIEN LECOQ,44,43,181,164,39,20,9,4,6,21,18,15,8.3,0,2,0,0,0,39,21.5,6,.238,.309,.451,.327,106,.277,107,0.5,3.85,0,0,1.6,-1.0,-1.0
126866,GARY LEWIS,50,50,218,184,52,32,8,1,11,33,31,33,15.1,3,1,0,0,0,65,29.8,1,.283,.394,.516,.384,162,.380,151,1.9,4.18,0,0,13.3,-0.1,-0.1
120912,PACO LEÓN,53,53,241,207,56,33,17,0,6,23,32,28,11.6,1,3,0,3,0,21,8.7,1,.271,.361,.440,.347,123,.273,121,0.5,3.70,5,3,6.3,-0.4,-1.3
135107,ROD LITTLE,53,53,229,170,40,34,4,0,2,12,18,53,23.1,0,2,0,4,0,45,19.7,1,.235,.415,.294,.338,95,.299,111,0.7,4.16,0,0,3.3,-1.5,-1.5
129201,JIM LOWE,32,29,113,107,29,20,7,0,2,12,10,4,3.5,0,0,0,2,0,15,13.3,6,.271,.292,.393,.294,75,.293,78,-0.1,3.67,1,0,-2.8,-2.4,-2.4
120662,JEREMY LUCAS,53,53,242,213,55,38,12,0,5,30,32,25,10.3,4,1,0,3,0,36,14.9,5,.258,.335,.385,.306,96,.286,91,-0.0,3.76,0,0,-2.3,-0.2,-0.2
129796,JAVIER LUNA,23,14,67,58,11,9,2,0,0,6,2,5,7.5,1,1,0,3,0,21,31.3,3,.190,.254,.224,.208,35,.275,26,-0.4,3.70,1,0,-5.9,-0.5,-0.4
132510,BILL LYNCH,35,34,140,125,33,24,5,1,3,16,17,13,9.3,0,1,0,1,0,26,18.6,1,.264,.336,.392,.321,99,.309,102,-0.0,3.78,0,0,0.4,0.2,0.2
126279,ALEC MACGRUDER,5,3,15,14,3,2,1,0,0,2,2,1,6.7,0,0,0,0,0,6,40.0,0,.214,.267,.286,.248,53,.375,52,-0.1,3.53,0,0,-0.8,0.1,0.1
125984,JEFF MACINTYRE,50,50,227,195,71,50,9,0,12,31,43,31,13.7,1,0,0,1,0,22,9.7,4,.364,.449,.595,.443,188,.364,188,3.5,3.86,4,3,23.9,0.5,-0.8
133728,CÉSAR MACÍAS,50,49,200,178,51,39,9,0,3,20,21,21,10.5,1,0,1,1,0,34,17.0,7,.287,.360,.388,.329,110,.338,109,1.0,3.59,16,3,2.4,0.4,2.2
131088,RON MADDEN,28,28,114,107,26,12,9,0,5,12,11,6,5.3,0,1,0,0,0,19,16.7,3,.243,.289,.467,.323,98,.253,101,0.7,3.42,0,0,0.3,-2.3,-2.3
128615,BILL MAGEE,19,18,76,71,20,13,4,0,3,9,9,4,5.3,0,1,0,0,0,11,14.5,0,.282,.329,.465,.343,114,.298,117,0.4,3.32,1,0,1.6,-0.5,-0.5
128323,DAVID MANN,54,49,227,199,46,23,14,2,7,28,27,28,12.3,1,0,0,0,0,39,17.2,2,.231,.326,.427,.326,112,.255,108,1.6,4.09,16,3,2.4,1.1,3.0
124793,GARY MANSEL,50,50,217,200,50,35,9,0,6,24,18,14,6.5,0,0,0,3,0,32,14.7,7,.250,.295,.385,.295,90,.267,87,0.8,3.65,0,0,-3.2,-0.7,-0.7
129801,WHIT MARSHALL,19,14,57,51,8,6,2,0,0,6,4,4,7.0,0,0,1,2,0,10,17.5,2,.157,.211,.196,.186,17,.186,12,-0.2,3.75,0,0,-5.9,0.7,0.7
135952,GUILLERMO MARTÍNEZ,26,23,103,85,26,20,4,2,0,10,13,16,15.5,0,0,0,2,0,17,16.5,3,.306,.408,.400,.359,111,.371,123,0.2,3.86,4,2,2.9,0.8,0.4
128976,TOM MARTÍNEZ,13,11,53,48,16,11,2,1,2,7,6,3,5.7,0,1,0,1,0,9,17.0,2,.333,.377,.542,.390,152,.368,151,0.3,3.62,0,0,3.2,0.4,0.4
121413,RALPH MCCOY,39,39,170,148,27,15,8,0,4,15,14,17,10.0,0,3,0,2,0,20,11.8,6,.182,.276,.318,.267,66,.183,66,-0.3,3.69,3,1,-6.7,-1.2,-1.4
126467,BOBBY MCGEEHAN,48,48,220,192,56,36,7,3,10,34,33,27,12.3,0,0,0,1,0,41,18.6,1,.292,.377,.516,.383,150,.324,148,1.4,3.74,0,0,12.7,-0.9,-0.9
128195,JOHN MCGOWAN,53,53,229,198,70,40,10,1,19,42,43,27,11.8,2,2,0,2,0,20,8.7,5,.354,.432,.702,.466,203,.317,202,3.2,3.74,1,0,28.0,-0.8,-1.2
132448,CALEB MCKEE,37,33,143,122,24,14,5,1,4,13,18,18,12.6,0,1,0,2,0,30,21.0,1,.197,.301,.352,.291,69,.222,76,-0.2,3.85,6,2,-4.0,1.1,1.3
127385,ARCHIE MCWILLIAM,32,23,95,92,18,9,6,0,3,9,9,3,3.2,0,0,0,0,0,26,27.4,2,.196,.221,.359,.249,59,.238,54,-0.2,3.66,0,0,-5.2,-1.0,-1.0
134493,JOHNNY MEJÍA,7,7,27,25,5,2,3,0,0,2,1,2,7.4,0,0,0,0,0,1,3.7,1,.200,.259,.320,.256,62,.208,59,-0.0,3.22,0,0,-1.3,0.2,0.2
136551,CARLOS MENDOZA,24,24,107,98,26,20,5,0,1,7,15,8,7.5,2,1,0,0,0,17,15.9,4,.265,.327,.347,.288,89,.312,81,-0.0,3.56,0,0,-2.3,-0.8,-0.8
126859,CRAIG MILLER,49,48,214,191,42,28,8,0,6,22,19,20,9.3,0,3,0,0,0,24,11.2,8,.220,.304,.356,.294,81,.224,84,0.1,3.62,1,0,-3.9,-2.0,-2.3
129815,MATT MILLER,52,51,209,180,31,29,2,0,0,11,14,26,12.4,1,2,1,1,0,20,9.6,9,.172,.282,.183,.225,33,.193,37,-1.8,3.79,2,0,-15.6,-0.4,-0.5
129165,MIKE MILLER,48,44,197,180,38,21,6,1,10,31,23,12,6.1,0,2,0,3,0,56,28.4,4,.211,.264,.422,.293,92,.239,86,-0.1,3.95,5,1,-3.1,-0.6,-0.3
126785,BRAD MINCHEY,28,17,82,74,19,14,5,0,0,7,8,6,7.3,0,1,0,1,0,10,12.2,0,.257,.317,.324,.287,77,.292,79,0.2,3.71,4,1,-2.0,-0.2,0.0
123369,MIKE MINOR,23,23,92,80,21,13,7,0,1,8,11,9,9.8,0,3,0,0,0,16,17.4,2,.263,.359,.388,.334,110,.317,113,0.3,3.88,0,0,1.5,0.2,0.2
126664,WILL MITCHELL,48,40,180,164,41,27,8,1,5,23,21,12,6.7,1,3,0,1,0,20,11.1,2,.250,.311,.402,.308,102,.257,96,0.3,3.41,0,0,-0.7,-0.1,-0.1
128489,RAY MN,34,28,114,102,18,11,5,0,2,6,14,10,8.8,0,1,0,1,0,30,26.3,1,.176,.254,.284,.243,50,.225,49,-0.1,3.56,8,0,-6.8,0.3,2.1
127495,MATT MOLLENHAU,27,18,81,72,15,6,3,0,6,15,11,8,9.9,0,1,0,0,0,27,33.3,1,.208,.296,.500,.339,117,.231,116,0.1,3.81,0,0,1.6,-1.0,-1.0
126266,TERRY MOODY,23,18,83,74,15,9,3,0,3,15,9,8,9.6,2,0,0,1,0,12,14.5,2,.203,.277,.365,.264,74,.200,63,-0.1,3.55,1,1,-3.6,0.4,0.0
120820,ANDREW MOORE,52,50,226,199,49,35,12,0,2,14,29,23,10.2,2,1,0,3,0,20,8.8,1,.246,.323,.337,.289,82,.261,80,-0.1,3.56,17,3,-5.2,0.0,2.1
127401,ERNEST MOORE,14,14,51,39,7,4,1,0,2,5,6,9,17.6,0,1,0,2,0,9,17.6,3,.179,.333,.359,.310,90,.167,95,0.4,4.31,0,0,-0.3,0.3,0.3
125784,JOHN MORAN,55,55,245,225,58,31,13,0,14,45,38,18,7.3,0,1,0,1,0,28,11.4,4,.258,.314,.502,.348,123,.239,122,0.8,3.76,7,1,6.6,-1.3,-0.6
129564,MICHEAL MORAN,35,34,123,112,22,15,6,0,1,9,12,8,6.5,0,0,0,3,0,36,29.3,2,.196,.244,.277,.230,48,.269,43,0.3,3.83,0,0,-8.3,-0.1,-0.1
125744,GONZALO MORENO,51,50,217,200,56,33,8,0,15,41,38,15,6.9,0,0,0,2,0,37,17.1,5,.280,.327,.545,.369,135,.273,136,2.2,3.55,15,3,9.4,1.7,3.3
129174,JEFF MORGAN,42,42,163,146,38,26,8,0,4,24,19,12,7.4,0,2,0,3,0,31,19.0,6,.260,.319,.397,.312,102,.298,99,1.2,3.62,3,0,-0.1,0.9,1.3
120654,HÉCTOR MORÁN,53,50,182,174,44,28,10,3,3,15,24,4,2.2,0,0,1,4,0,22,12.1,0,.253,.264,.397,.279,83,.268,76,0.4,3.43,10,3,-5.1,0.5,1.1
122063,BRUNO MULLEN,31,21,102,97,24,21,3,0,0,3,9,2,2.0,0,1,2,2,0,11,10.8,5,.247,.265,.278,.240,53,.273,48,-0.2,3.14,7,2,-6.2,0.2,0.6
133638,BILL MUNYIGA,50,50,221,178,42,23,11,1,7,25,29,40,18.1,2,2,0,1,0,78,35.3,2,.236,.380,.427,.352,121,.372,123,1.4,4.36,4,1,6.1,1.2,1.0
133615,TRENT MURRAY,52,51,211,187,51,28,10,2,11,35,27,21,10.0,1,2,0,1,0,35,16.6,2,.273,.351,.524,.370,136,.282,136,1.2,3.79,0,0,9.1,-1.7,-1.7
133663,RUBÉN MUÑÓZ,41,39,171,158,44,27,10,0,7,22,16,11,6.4,0,1,0,1,0,23,13.5,8,.278,.327,.475,.345,121,.287,120,0.7,3.50,0,0,4.2,-3.8,-3.8
127390,PAUL MÉNDEZ,17,7,44,39,9,8,1,0,0,4,4,3,6.8,0,1,1,1,0,8,18.2,2,.231,.295,.256,.253,56,.281,57,0.0,3.73,3,0,-2.2,0.1,0.7
126865,ALBERT NAVA,12,6,30,25,6,6,0,0,0,3,4,5,16.7,0,0,0,0,0,4,13.3,0,.240,.367,.240,.293,75,.286,85,0.1,3.63,1,0,-0.5,0.1,0.3
123328,CLIFF NEAL,11,11,41,40,7,6,1,0,0,1,3,1,2.4,0,0,0,0,0,7,17.1,3,.175,.195,.200,.177,9,.212,3,-0.3,3.12,0,0,-4.7,-0.3,-0.3
131046,CURT NELSON,50,50,206,187,43,25,9,0,9,36,25,15,7.3,0,0,0,4,0,27,13.1,7,.230,.282,.422,.301,93,.219,90,0.0,3.45,4,0,-2.3,-0.5,0.1
133867,STEVE NELSON,48,48,196,168,34,26,2,0,6,21,17,23,11.7,2,2,0,3,0,39,19.9,6,.202,.301,.321,.274,74,.222,71,-0.6,3.99,0,2,-6.6,-0.2,-1.7
120410,MERRILL NICHOLSON,50,49,212,201,54,32,10,0,12,27,24,9,4.2,0,0,0,2,0,44,20.8,3,.269,.297,.498,.336,113,.286,113,0.6,3.59,3,0,3.3,2.0,2.4
125641,MATHEW NISHIJIMA,8,8,36,32,11,10,1,0,0,2,2,3,8.3,0,1,0,0,0,5,13.9,0,.344,.417,.375,.358,124,.407,130,0.2,3.75,1,0,1.3,-0.8,-0.7
130069,RAY NORRIS,34,20,92,78,21,15,4,0,2,6,17,11,12.0,0,2,0,1,0,16,17.4,3,.269,.370,.397,.341,111,.311,116,0.7,4.03,3,0,1.8,0.9,1.4
128602,DAWSON O'FLAHAVAN,47,47,191,176,54,39,10,1,4,26,22,12,6.3,0,0,0,3,0,34,17.8,6,.307,.346,.443,.340,118,.355,117,1.5,3.52,1,0,3.9,1.1,0.8
135202,JULIUS O'HERLIHY,51,50,213,191,43,30,8,0,5,20,30,21,9.9,0,0,0,1,0,42,19.7,5,.225,.300,.346,.288,79,.262,80,-0.1,3.77,21,2,-4.9,-1.0,2.6
134257,MIKE O'NEAL,52,49,200,188,48,28,16,2,2,19,25,10,5.0,0,1,0,1,0,35,17.5,5,.255,.295,.394,.298,91,.303,88,0.8,3.69,6,1,-2.7,0.8,1.3
134056,DANIEL OROZCO,49,47,201,163,37,28,5,0,4,22,16,33,16.4,0,4,0,1,0,38,18.9,3,.227,.368,.331,.323,95,.270,104,-0.0,4.06,2,2,1.1,-0.4,-1.5
133781,TONY OTNESS,20,18,87,74,19,14,4,0,1,14,6,11,12.6,0,0,0,2,0,24,27.6,1,.257,.345,.351,.311,93,.353,96,-0.0,3.95,0,1,-0.4,-0.8,-1.5
137191,JESÚS PACHECO,53,51,218,184,46,24,9,0,13,32,32,22,10.1,0,8,0,4,0,48,22.0,2,.250,.349,.511,.366,136,.260,135,1.6,3.81,10,2,9.3,0.6,1.5
125685,KENNETH PADGETT,52,50,219,186,53,29,10,3,11,44,26,27,12.3,3,2,0,4,0,29,13.2,0,.285,.374,.548,.380,154,.280,145,1.7,3.74,1,0,11.7,-1.7,-2.1
127189,TRENT PARKER,50,50,209,185,41,27,5,2,7,18,26,24,11.5,2,0,0,0,0,39,18.7,7,.222,.311,.384,.300,93,.245,90,-0.0,3.78,4,2,-2.4,-1.6,-2.1
134755,ANTHONY PARKINSON,50,50,216,203,54,36,14,1,3,20,25,8,3.7,0,4,0,1,0,40,18.5,2,.266,.306,.389,.303,92,.317,91,0.5,3.47,6,3,-2.2,1.0,0.5
121918,MARK PARKS,24,17,76,62,22,16,4,0,2,9,13,14,18.4,0,0,0,0,0,14,18.4,2,.355,.474,.516,.433,172,.435,180,0.8,4.04,0,0,7.3,0.5,0.5
127260,SCOTT PARKS,43,42,163,143,36,22,7,0,7,14,20,18,11.0,0,0,0,2,0,41,25.2,7,.252,.331,.448,.337,112,.299,113,0.8,4.09,0,0,2.7,-1.7,-1.7
117832,HENRY PHILLIPS,51,51,205,176,39,25,7,1,6,26,17,24,11.7,1,4,1,1,0,48,23.4,7,.222,.327,.375,.310,96,.268,96,0.2,4.07,0,0,-0.8,-1.8,-1.8
124529,MARK PICOLLO,42,18,85,76,18,13,2,0,3,9,7,7,8.2,0,0,0,2,0,5,5.9,5,.237,.294,.382,.293,95,.214,88,0.2,3.24,0,0,-1.1,-0.3,-0.3
123129,KOI PIERAH,49,49,209,179,50,29,10,1,10,33,27,26,12.4,0,2,0,2,0,25,12.0,3,.279,.373,.514,.380,145,.274,145,1.3,3.74,1,1,11.2,-0.6,-1.4
122229,ALEXIS PIQUET,52,51,232,215,59,40,9,4,6,20,31,11,4.7,0,3,0,3,0,53,22.8,1,.274,.315,.437,.323,108,.333,105,0.5,3.89,1,0,1.7,-0.1,-0.4
133752,CHRISTIAN PITTS,14,13,52,49,13,9,3,0,1,6,8,3,5.8,0,0,0,0,0,8,15.4,0,.265,.308,.388,.304,90,.300,91,0.2,3.71,0,0,-0.5,0.2,0.2
125052,JOHN PRICE,50,50,218,192,51,25,11,0,15,44,35,23,10.6,3,0,0,3,0,47,21.6,4,.266,.339,.557,.368,148,.271,137,1.3,3.76,1,0,9.7,0.5,0.3
130060,DAVID PRUEND,41,38,159,148,36,21,8,0,7,23,15,9,5.7,1,1,0,1,0,46,28.9,3,.243,.289,.439,.308,100,.302,95,-0.1,3.77,5,2,-0.9,-0.5,-0.6
131744,DAVID PÉREZ,53,49,212,191,47,32,5,1,9,24,19,14,6.6,1,7,0,0,0,51,24.1,5,.246,.321,.424,.323,103,.290,104,0.9,3.90,1,0,1.1,-0.1,-0.4
122064,CÉSAR PÉREZ JR.,51,50,203,194,53,37,6,1,9,22,25,9,4.4,0,0,0,0,0,49,24.1,2,.273,.305,.454,.326,104,.324,106,1.4,3.40,6,1,1.5,1.7,2.2
132133,LUIS RAMÍREZ,53,53,250,198,45,31,11,1,2,13,29,47,18.8,0,3,0,2,0,32,12.8,5,.227,.380,.323,.327,95,.259,106,0.3,3.83,8,1,1.8,-1.8,-1.2
127434,RAÚL RASADA,18,14,56,54,5,2,0,0,3,4,4,2,3.6,1,0,0,0,0,19,33.9,1,.093,.125,.259,.152,3,.062,-12,-0.3,3.62,0,0,-7.5,-0.1,-0.1
129078,JUAN REYES,52,50,242,215,65,37,18,2,8,20,48,27,11.2,0,0,0,0,0,42,17.4,3,.302,.380,.516,.386,137,.345,144,2.2,4.14,4,1,12.9,-0.4,-0.6
121384,RICHARD REYNOLDS,55,55,249,215,65,44,9,0,12,46,30,30,12.0,1,3,0,1,0,38,15.3,12,.302,.394,.512,.389,150,.319,150,1.7,3.90,0,0,15.1,-0.6,-0.6
120544,JOHN RICHARD,10,10,46,43,9,7,0,0,2,3,6,2,4.3,1,1,0,0,0,10,21.7,0,.209,.261,.349,.253,69,.226,57,-0.2,3.65,1,0,-2.3,0.0,0.2
127631,JOE RICHARDSON,24,16,76,66,13,11,0,0,2,6,6,9,11.8,0,1,0,0,0,14,18.4,2,.197,.303,.288,.273,64,.220,69,0.2,3.80,0,0,-2.7,0.1,0.1
122334,ALFONSO RIVERA,55,55,241,231,68,38,8,0,22,55,36,6,2.5,2,2,0,2,0,33,13.7,10,.294,.315,.615,.383,151,.258,147,1.3,3.15,0,0,13.6,-2.6,-2.6
127523,WILLIAM ROBINSON,54,52,236,217,70,50,11,1,8,22,33,17,7.2,0,1,0,1,0,18,7.6,1,.323,.373,.493,.374,143,.323,142,1.6,3.64,4,0,11.9,0.7,1.0
134250,JORGE ROBLES,30,29,116,102,26,15,4,0,7,16,15,13,11.2,0,1,0,0,0,21,18.1,4,.255,.345,.500,.364,122,.257,129,1.0,3.93,9,1,4.1,0.8,2.2
128061,ALBERTO RODRÍGUEZ,13,8,44,38,10,4,4,0,2,16,7,3,6.8,1,0,0,3,0,6,13.6,1,.263,.295,.526,.318,120,.242,100,0.1,3.20,0,0,0.0,-1.2,-1.2
122244,RODNEY RODRÍGUEZ,6,2,13,12,2,2,0,0,0,0,0,1,7.7,0,0,0,0,0,0,0.0,2,.167,.231,.167,.190,13,.167,12,-0.1,3.62,0,0,-1.3,0.0,0.0
121239,DAN ROGERS,42,42,155,143,35,25,7,0,3,14,13,9,5.8,0,1,7,2,0,21,13.5,4,.245,.290,.357,.283,77,.264,76,0.5,3.44,0,0,-4.2,-1.0,-1.0
137244,CARLOS ROJAS,51,50,216,188,50,31,11,0,8,36,17,23,10.6,1,3,0,2,0,49,22.7,0,.266,.352,.452,.346,124,.316,122,1.0,3.92,3,1,5.7,-0.9,-1.2
125855,RENÉ ROLLAND,41,41,158,134,25,16,4,0,5,22,17,15,9.5,1,6,0,3,0,23,14.6,4,.187,.291,.328,.274,72,.183,71,0.6,3.65,0,0,-5.3,0.3,0.3
122612,KELAN ROMANOV,12,7,29,25,8,7,1,0,0,3,1,4,13.8,0,0,1,0,0,5,17.2,0,.320,.414,.360,.352,115,.400,124,0.0,3.72,0,0,0.8,-2.0,-2.0
138005,José Romero,42,42,192,161,40,23,8,2,7,21,31,27,14.1,0,3,0,1,0,22,11.5,1,.248,.365,.453,.357,124,.248,128,1.5,3.81,11,1,6.4,0.5,2.1
128819,JÚLIO ROSA,50,45,185,154,40,27,8,1,4,18,25,28,15.1,2,1,0,2,0,20,10.8,8,.260,.373,.403,.337,126,.273,118,0.5,3.56,0,0,4.2,-2.5,-2.5
121930,MIKE ROSE,51,51,221,193,62,50,8,1,3,30,19,23,10.4,0,3,0,2,0,28,12.7,2,.321,.398,.420,.362,124,.360,130,1.2,3.69,0,0,8.0,0.5,0.5
125939,NICK ROWLAND,47,45,194,169,40,25,8,0,7,24,27,19,9.8,0,3,0,3,0,28,14.4,7,.237,.320,.408,.318,105,.241,103,-0.4,3.79,0,1,0.8,-0.3,-1.3
126072,LOU RUSSELL,51,49,194,180,43,33,5,3,2,18,22,10,5.2,2,2,0,2,0,22,11.3,0,.239,.284,.333,.264,68,.259,62,0.3,3.34,16,1,-8.6,0.6,3.6
134183,WILLIS RUSSELL,51,50,230,190,52,36,13,1,2,19,31,35,15.2,0,2,2,3,0,24,10.4,2,.274,.387,.384,.346,114,.299,120,1.1,3.88,19,4,5.5,-2.8,-0.9
130352,DAVID RUT,10,10,41,38,14,9,5,0,0,7,4,2,4.9,0,1,0,0,0,8,19.5,0,.368,.415,.500,.398,151,.467,156,0.4,3.93,0,0,2.8,-0.4,-0.4
124414,TERRY RUTLEDGE,35,35,139,121,26,19,5,0,2,11,12,17,12.2,2,0,0,1,0,33,23.7,4,.215,.309,.306,.270,70,.276,67,0.3,3.79,0,0,-5.4,-1.4,-1.4
126464,ALFONSO RUÍZ,41,40,182,158,40,34,3,0,3,23,20,23,12.6,3,0,0,1,0,18,9.9,1,.253,.346,.329,.296,86,.268,84,0.8,3.71,0,0,-3.3,-0.4,-0.4
129563,ARMANDO RÍOS,42,42,155,128,26,16,4,0,6,13,14,21,13.5,1,4,1,2,0,18,11.6,2,.203,.329,.375,.310,97,.189,97,0.9,3.92,0,0,-0.5,-2.7,-2.7
136665,KATSUHITO SAKURAI,4,3,11,10,1,1,0,0,0,0,1,1,9.1,0,0,0,0,0,1,9.1,0,.100,.182,.100,.144,-18,.111,-17,-0.2,3.55,0,0,-1.5,-0.1,-0.1
134007,HÉCTOR SALINAS,13,9,41,38,12,6,5,0,1,9,3,1,2.4,0,1,0,1,0,6,14.6,0,.316,.341,.526,.366,131,.344,132,0.3,3.56,0,0,1.6,-0.3,-0.3
131382,AMAUR SCHAEFER,42,39,156,133,32,24,6,0,2,11,11,20,12.8,0,2,2,1,0,26,16.7,4,.241,.346,.331,.308,93,.283,96,0.0,4.33,7,2,-0.6,-1.0,-0.7
120383,CHRISTOPHER SCHMITT,14,13,56,52,12,9,3,0,0,5,2,4,7.1,0,0,0,0,0,14,25.0,1,.231,.286,.288,.259,62,.316,61,-0.2,3.75,0,0,-2.5,0.0,0.0
122880,EDWARD SCOTT,52,52,230,212,58,39,8,0,11,35,25,16,7.0,1,2,0,0,0,29,12.6,8,.274,.330,.467,.342,117,.273,117,1.0,3.67,1,0,4.8,0.9,0.6
129164,MIKE SELLERS,16,14,68,60,20,15,3,0,2,7,11,8,11.8,0,0,0,0,0,12,17.6,2,.333,.412,.483,.392,149,.391,153,0.3,3.60,0,1,4.3,0.5,-0.3
130710,JOEL SHAW,40,40,171,156,35,19,11,0,5,25,18,10,5.8,0,2,1,3,0,14,8.2,3,.224,.275,.391,.287,81,.214,79,0.8,3.41,1,0,-4.1,-1.1,-1.2
128845,JOHN SHEEHAN,50,50,204,177,48,38,5,0,5,18,16,26,12.7,4,1,0,0,0,20,9.8,2,.271,.368,.384,.323,111,.283,105,0.2,3.75,1,0,1.4,-1.2,-1.6
135167,TERRY SHELTON,45,44,182,168,37,25,4,0,8,26,16,12,6.6,3,0,0,2,0,38,20.9,5,.220,.269,.387,.272,81,.234,70,-0.7,3.39,0,0,-6.3,-1.9,-1.9
132900,RICK SHEPPARD,43,42,162,147,46,29,16,0,1,10,19,14,8.6,0,0,0,1,0,13,8.0,2,.313,.370,.442,.354,122,.336,125,1.5,3.41,1,1,4.9,-1.1,-1.8
123391,CULLEY SKE,31,11,54,50,12,9,2,0,1,4,7,3,5.6,1,1,0,0,0,9,16.7,1,.240,.296,.340,.270,79,.275,70,0.2,3.33,9,1,-1.9,0.4,1.9
128641,JOHN SMITH,50,50,227,204,53,32,8,3,10,31,34,22,9.7,2,1,0,0,0,30,13.2,1,.260,.335,.475,.343,119,.262,117,1.7,3.57,15,2,4.7,1.1,3.2
134788,RICHARD SMITH,30,24,106,91,20,14,5,0,1,6,15,13,12.3,0,2,0,0,0,21,19.8,7,.220,.330,.308,.294,80,.275,85,0.4,4.08,0,0,-1.8,-1.0,-1.0
120995,VICTOR SMITH,38,36,138,123,25,17,5,1,2,10,14,15,10.9,0,0,0,0,0,24,17.4,2,.203,.290,.309,.271,67,.237,69,0.0,3.93,12,0,-5.0,0.7,3.3
130958,RUBÉN SOTO,16,13,51,44,6,5,1,0,0,4,4,4,7.8,0,1,0,2,0,3,5.9,2,.136,.216,.159,.180,8,.140,7,-0.4,4.14,0,0,-5.6,-0.1,-0.1
131335,HOMER SPENCER,50,34,173,148,31,23,3,1,4,17,20,24,13.9,1,0,0,1,0,27,15.6,1,.209,.318,.324,.288,84,.229,82,0.2,3.65,7,2,-3.5,1.7,1.9
129128,SEAN ST. GERMAIN,42,41,176,149,46,32,2,1,11,32,26,23,13.1,0,2,0,2,0,40,22.7,4,.309,.403,.557,.410,160,.350,163,2.0,3.78,5,2,13.4,0.4,0.0
129173,RICKY STEPHENS,52,51,221,190,54,34,13,0,7,19,27,27,12.2,0,1,0,3,0,33,14.9,1,.284,.371,.463,.362,125,.307,129,1.2,3.75,1,1,7.8,-2.5,-3.4
126912,NATHAN STEWART,21,14,62,60,11,9,0,1,1,5,6,1,1.6,0,1,0,0,0,16,25.8,1,.183,.210,.267,.209,29,.233,25,-0.4,3.65,0,0,-5.5,-0.9,-0.9
134014,WOODY STOKES,48,46,183,166,43,27,14,0,2,18,24,16,8.7,0,0,1,1,0,20,10.9,1,.259,.322,.380,.309,98,.283,97,0.5,3.55,5,1,-0.6,0.8,1.1
128634,KENNETH STRICKLAND,42,42,164,149,39,27,7,0,5,15,16,14,8.5,2,0,0,1,0,27,16.5,1,.262,.323,.409,.311,103,.288,97,0.7,3.75,1,0,-0.5,-1.2,-1.4
127504,DAN SULLIVAN,33,29,121,111,27,20,5,0,2,15,10,8,6.6,0,1,0,1,0,24,19.8,2,.243,.298,.342,.283,79,.291,78,0.1,3.65,0,0,-3.1,-0.1,-0.1
127263,JOE SULLIVAN,52,50,227,202,60,43,9,2,6,29,33,21,9.3,2,1,0,3,0,28,12.3,2,.297,.361,.450,.346,122,.316,120,1.4,3.55,13,1,5.4,0.6,2.6
129872,WILLIE SWAIN,9,9,33,29,3,2,1,0,0,0,4,3,9.1,0,1,0,0,0,7,21.2,0,.103,.212,.138,.177,-2,.136,1,-0.4,3.76,0,0,-3.8,0.2,0.2
124413,ALFREDO SÁENZ,43,43,182,170,44,29,10,0,5,35,16,11,6.0,1,0,0,1,0,23,12.6,2,.259,.302,.406,.303,81,.273,85,-0.3,3.79,2,0,-3.2,-1.8,-1.7
135180,JESÚS SÁNCHEZ,29,28,130,92,18,8,6,0,4,13,15,30,23.1,0,6,0,2,0,34,26.2,1,.196,.415,.391,.368,124,.250,135,0.7,4.30,4,1,5.5,-0.4,-0.3
120790,ORLANDO SÁNCHEZ,28,27,106,94,21,17,3,0,1,8,11,10,9.4,0,0,0,2,0,7,6.6,4,.223,.292,.287,.262,56,.227,59,-0.0,3.36,0,0,-5.1,-0.3,-0.3
124844,KEN'ICHI TADA,32,27,129,97,17,12,4,0,1,6,18,30,23.3,1,1,1,1,0,23,17.8,1,.175,.372,.247,.299,74,.216,86,0.0,3.84,2,0,-2.0,0.9,1.0
134483,JUNIOR TAPEA,19,10,51,47,13,9,3,0,1,4,5,2,3.9,0,1,0,1,0,8,15.7,0,.277,.314,.404,.311,96,.308,95,-0.1,3.41,0,1,-0.2,-0.1,-0.7
133975,CRAIG TATE,37,20,93,85,13,11,1,0,1,4,10,6,6.5,0,1,0,1,0,16,17.2,1,.153,.215,.200,.192,17,.174,15,-0.4,3.59,0,1,-9.3,-0.1,-0.8
127640,DAVID TAYLOR,51,50,197,169,45,31,6,2,6,22,27,23,11.7,0,2,0,3,0,29,14.7,2,.266,.355,.432,.343,115,.285,118,1.5,3.62,0,0,4.3,-0.3,-0.3
128509,DELL TAYLOR,10,8,26,24,4,3,1,0,0,2,4,1,3.8,0,0,0,1,0,3,11.5,0,.167,.192,.208,.177,12,.182,4,-0.3,3.46,0,0,-3.0,0.2,0.2
125211,KENNY THOMAS,38,18,77,73,18,14,4,0,0,5,4,3,3.9,0,0,1,1,0,8,10.4,0,.247,.273,.301,.253,63,.273,58,0.2,3.05,3,1,-3.8,0.3,0.3
130045,CHRIS THOMPSON,20,17,73,68,11,9,2,0,0,6,2,4,5.5,0,0,1,1,0,15,20.5,0,.162,.205,.191,.181,12,.204,7,-0.6,3.89,3,2,-8.0,0.3,-0.1
125665,LIVAN TILF,52,51,228,207,56,43,6,0,7,19,28,17,7.5,0,4,0,0,0,38,16.7,2,.271,.338,.401,.326,105,.302,107,0.7,3.62,0,0,2.1,0.3,0.3
134203,KEVIN TOWNSEND,15,,15,14,4,3,1,0,0,3,0,0,0.0,0,0,0,1,0,0,0.0,1,.286,.267,.357,.260,71,.267,61,-0.0,3.13,0,0,-0.7,-0.0,-0.0
128794,DIRK TRACY,50,50,218,197,54,38,12,1,3,23,13,19,8.7,0,0,0,2,0,41,18.8,8,.274,.335,.391,.319,102,.329,102,0.7,3.61,1,0,0.6,-1.0,-1.3
136632,AUGUSTO URBINA,7,,7,5,0,0,0,0,0,0,0,2,28.6,0,0,0,0,0,4,57.1,0,.000,.286,.000,.199,-12,.000,18,-0.0,4.29,0,0,-0.7,0.0,0.0
134529,TERRY VAN BRUSSEL,43,41,182,160,50,36,11,1,2,23,25,20,11.0,0,0,0,2,0,27,14.8,4,.312,.385,.431,.358,124,.361,127,0.7,3.86,0,0,6.0,-1.2,-1.2
132861,TOBIAS VAN DEN AKKER,14,13,49,47,8,8,0,0,0,1,5,2,4.1,0,0,0,0,0,11,22.4,1,.170,.204,.170,.173,5,.222,1,-0.3,3.45,0,0,-5.8,0.4,0.4
133001,ÁLEX VARGAS,49,49,212,187,48,24,13,1,10,18,26,19,9.0,0,4,0,2,0,50,23.6,4,.257,.335,.497,.356,124,.295,126,0.7,3.82,3,3,6.7,-1.6,-2.8
133479,LEE VASQU,2,2,7,6,0,0,0,0,0,0,0,1,14.3,0,0,0,0,0,1,14.3,0,.000,.143,.000,.099,-56,.000,-50,-0.1,4.14,0,0,-1.3,0.0,0.0
128151,JÚLIO VIDAL,25,25,100,88,17,9,4,0,4,11,9,11,11.0,0,0,0,1,0,37,37.0,1,.193,.280,.375,.287,77,.271,78,-0.3,4.11,0,0,-2.5,-1.9,-1.9
124701,HUNTER VILLARREAL,12,12,54,50,11,8,2,0,1,6,5,3,5.6,0,1,0,0,0,5,9.3,1,.220,.278,.320,.267,64,.227,65,0.1,3.44,0,0,-2.2,0.3,0.3
122638,JESÚS VÁZQUEZ,24,14,55,51,6,2,4,0,0,4,6,4,7.3,0,0,0,0,0,11,20.0,0,.118,.182,.196,.174,4,.150,0,-0.5,3.80,3,0,-6.5,0.3,1.0
130391,LUIS VÉLEZ,14,5,28,25,3,2,0,0,1,3,2,2,7.1,0,1,0,0,0,12,42.9,1,.120,.214,.240,.211,24,.167,26,-0.2,3.86,0,0,-2.5,-0.0,-0.0
130811,DALE WALLER,26,26,111,102,23,16,5,1,1,13,10,7,6.3,0,0,0,2,0,19,17.1,1,.225,.270,.324,.260,58,.262,58,0.2,3.75,4,0,-5.5,0.5,1.2
128525,JEFF WALSH,53,49,230,209,68,39,11,2,16,40,43,19,8.3,0,1,0,1,0,28,12.2,2,.325,.383,.627,.425,174,.313,175,3.4,3.58,7,2,20.7,1.3,1.4
127214,EDWARD WALTON,12,6,32,27,8,5,1,0,2,5,5,5,15.6,0,0,0,0,0,5,15.6,3,.296,.406,.556,.412,176,.300,170,0.3,3.69,0,0,2.7,-0.1,-0.1
126586,GREGG WARD,51,51,217,194,52,39,8,1,4,15,25,23,10.6,0,0,0,0,0,20,9.2,6,.268,.346,.381,.323,102,.282,105,1.0,3.81,3,0,1.4,0.9,1.0
128610,JACOB WASHINGTON,40,28,134,122,31,20,6,1,4,17,21,12,9.0,0,0,0,0,0,21,15.7,4,.254,.321,.418,.322,102,.278,104,-0.3,3.50,0,0,0.7,-1.6,-1.6
127886,ABRAHAM WATSON,51,50,230,208,56,37,8,1,10,36,34,22,9.6,1,0,0,0,0,34,14.8,4,.269,.339,.462,.344,124,.280,121,1.3,3.36,11,3,5.9,1.9,2.5
125672,STANFORD WEEKS,14,13,47,47,4,4,0,0,0,1,4,0,0.0,0,0,1,0,0,2,4.3,1,.085,.085,.085,.075,-53,.089,-68,-0.8,3.15,0,0,-9.4,0.2,0.2
127012,HARVEY WELCH,50,50,210,189,41,24,9,1,7,26,30,19,9.0,0,0,0,2,0,66,31.4,6,.217,.286,.386,.293,81,.288,82,0.1,3.79,19,0,-4.4,-0.6,3.6
133943,RICKY WESTON,16,15,59,58,9,9,0,0,0,0,5,1,1.7,0,0,0,0,0,11,18.6,0,.155,.169,.155,.147,-10,.191,-17,-0.7,2.92,0,0,-8.3,0.2,0.2
129655,JACK WHITE,40,38,139,125,22,18,2,1,1,10,14,12,8.6,0,2,0,0,0,39,28.1,6,.176,.259,.232,.229,40,.247,41,0.0,3.78,0,0,-9.7,0.8,0.8
121759,JOHN WHITE,30,18,71,67,24,16,5,1,2,11,7,4,5.6,0,0,0,0,0,14,19.7,1,.358,.394,.552,.406,158,.431,161,1.2,3.44,3,2,5.2,0.7,0.2
133856,KENT WHITE,16,14,51,48,6,6,0,0,0,5,1,1,2.0,0,0,1,2,0,7,13.7,0,.125,.137,.125,.118,-25,.140,-35,-0.7,3.41,0,0,-8.2,0.0,0.0
124573,STU WIGGINS,51,46,194,172,37,27,5,0,5,23,14,19,9.8,0,0,0,3,0,38,19.6,5,.215,.289,.331,.276,76,.242,74,-0.6,3.88,1,0,-5.9,-1.3,-1.5
129707,DAVE WILEY,32,32,126,112,25,17,6,0,2,11,11,11,8.7,1,1,0,2,0,32,25.4,2,.223,.294,.330,.272,74,.287,70,0.0,3.84,0,0,-4.4,-0.3,-0.3
130590,CHRISTIAN WILLIAMS,49,49,229,197,62,39,15,2,6,25,26,31,13.5,0,1,0,0,0,36,15.7,3,.315,.410,.503,.397,151,.361,155,2.3,3.93,13,1,15.2,-1.1,0.9
129144,JOE WILLIAMS,25,23,88,78,15,9,3,0,3,13,7,7,8.0,0,3,0,0,0,38,43.2,4,.192,.284,.346,.282,63,.324,70,0.1,3.93,0,0,-3.1,-0.5,-0.5
126600,LIAM WILLIAMS,23,19,73,64,8,7,0,0,1,4,6,9,12.3,0,0,0,0,0,15,20.5,1,.125,.233,.172,.198,18,.146,21,-0.3,4.03,0,0,-6.8,-0.7,-0.7
128202,MAL WILLIAMS,53,51,223,210,49,32,9,0,8,18,26,11,4.9,0,2,0,0,0,46,20.6,2,.233,.278,.390,.291,88,.263,85,-0.2,3.62,1,2,-3.9,-3.2,-4.4
123990,MITCHELL WILLIAMS,15,10,50,48,14,6,7,0,1,5,6,1,2.0,0,0,0,1,0,5,10.0,1,.292,.300,.500,.335,121,.302,115,0.3,2.58,0,0,0.9,0.1,0.1
126074,STEVE WOOD,37,35,158,144,36,24,5,0,7,14,23,13,8.2,0,0,0,1,0,29,18.4,2,.250,.310,.431,.321,89,.266,97,0.3,3.79,0,0,-0.5,0.5,0.5
117403,DON WOOTEN,40,35,156,142,41,26,5,1,9,29,15,11,7.1,0,0,0,3,0,17,10.9,3,.289,.333,.528,.363,118,.269,126,0.8,3.65,0,0,4.9,-0.6,-0.6
128176,JEFF YOUNG,14,8,36,32,7,6,1,0,0,5,3,4,11.1,0,0,0,0,0,12,33.3,0,.219,.306,.250,.259,54,.350,59,0.2,4.33,2,0,-1.7,0.6,1.0
134524,CURT ZARAGOZA,38,16,87,75,27,19,5,1,2,8,12,9,10.3,2,2,0,1,0,7,8.0,1,.360,.437,.533,.402,174,.373,161,0.6,3.85,0,0,6.4,-2.1,-2.1
120919,HI-YUAN ZHOU,38,37,159,140,34,25,4,0,5,23,17,14,8.8,0,3,0,2,0,31,19.5,6,.243,.321,.379,.309,91,.274,94,0.0,3.76,0,0,-1.0,-1.6,-1.6
129831,YU ZHU,50,48,211,188,48,31,6,0,11,32,26,20,9.5,0,2,0,1,0,28,13.3,10,.255,.332,.463,.344,119,.247,120,0.5,3.82,2,1,5.1,-1.4,-1.9
132331,MANUEL ZÚÑIGA,54,54,240,215,75,43,17,0,15,48,41,21,8.8,1,2,0,2,0,18,7.5,5,.349,.408,.637,.437,181,.326,182,2.5,3.44,0,0,23.7,-0.5,-0.5
133889,VICENTE ÁRIAS,52,49,218,204,54,29,11,1,13,45,38,11,5.0,0,1,0,2,0,18,8.3,3,.265,.303,.520,.347,127,.234,123,0.6,3.61,7,0,6.0,0.2,1.5
