ID,Name,G,GS,PA,AB,H,1B,2B,3B,HR,RBI,R,BB,BB%,IBB,HP,SH,SF,CI,SO,SO%,GIDP,AVG,OBP,SLG,wOBA,OPS+,BABIP,wRC+,WAR,PI/PA,SB,CS,BatR,UBR
128416,Mike Bolden,147,144,541,507,122,79,22,5,16,48,64,30,5.5,0,3,7,1,1,133,24.6,9,.241,.287,.398,.298,86,.295,86,4.0,3.74,21,6,-8.5,2.6
127641,Bill Crocker,51,37,152,144,14,9,4,0,1,13,11,8,5.3,1,0,0,0,0,27,17.8,1,.097,.145,.146,.130,-21,.112,-34,-1.2,3.22,3,0,-24.5,-0.1
134051,Jesús García,121,104,377,351,68,46,16,2,4,25,31,21,5.6,0,0,1,5,0,85,22.5,4,.194,.236,.285,.230,42,.240,36,0.8,3.59,13,2,-27.8,0.5
130717,Mauro Garza,147,147,493,482,99,70,21,3,5,33,45,4,0.8,0,4,12,3,0,122,24.7,7,.205,.217,.293,.221,41,.263,35,1.7,3.23,40,6,-38.0,2.4
129967,Paul Rose,133,132,491,450,93,60,19,2,12,46,50,39,7.9,0,1,0,1,0,103,21.0,17,.207,.271,.338,.270,57,.241,62,1.4,3.79,0,1,-22.1,1.7
126455,Craig Russell,148,147,522,468,111,70,28,2,11,47,61,51,9.8,0,1,2,2,0,60,11.5,8,.237,.312,.376,.304,92,.251,93,3.1,3.69,0,4,-4.2,-1.5
132527,Kedar Sayyar,150,144,492,461,75,53,17,0,5,30,42,24,4.9,0,1,14,6,0,110,22.4,11,.163,.203,.232,.195,20,.199,16,-1.4,3.58,2,4,-48.9,0.6
132455,José Sánchez,102,59,203,196,42,30,7,0,5,23,22,4,2.0,0,3,2,0,0,51,25.1,3,.214,.241,.327,.249,57,.264,54,0.3,3.55,1,1,-11.0,-0.4
127141,Dan Wade,67,44,178,162,27,21,5,0,1,7,19,13,7.3,0,3,3,0,0,62,34.8,2,.167,.242,.216,.214,25,.263,24,0.2,3.99,8,1,-15.7,0.3
136017,Jorge Avellandeda,144,143,521,452,73,50,9,0,14,36,51,58,11.1,2,10,0,1,1,200,38.4,6,.162,.271,.274,.250,59,.247,59,2.0,4.10,0,0,-25.3,1.2
120074,David Blevins,95,89,342,325,65,53,8,1,3,25,25,11,3.2,0,4,12,2,0,58,17.0,8,.200,.234,.258,.220,36,.233,33,-0.6,3.41,7,4,-27.0,-0.1
133163,Bryan Brown,145,130,547,517,138,89,34,5,10,63,74,25,4.6,2,3,4,2,0,85,15.5,7,.267,.303,.410,.307,95,.302,93,3.3,3.56,39,9,-4.1,2.4
133416,Dave Brown,146,139,510,482,110,81,11,0,18,57,61,23,4.5,2,4,0,1,0,129,25.3,15,.228,.269,.363,.274,75,.274,71,1.6,3.65,0,0,-17.1,-4.4
135308,Scotty Cole,16,13,43,42,8,6,0,2,0,1,3,1,2.3,0,0,2,0,0,12,27.9,0,.190,.209,.286,.213,34,.267,25,0.0,3.49,0,0,-3.8,0.0
133565,Gerald Crawford,129,127,394,374,48,31,10,1,6,22,31,13,3.3,0,5,8,2,0,112,28.4,5,.128,.168,.209,.169,6,.163,0,-2.1,3.78,19,3,-46.4,0.7
134563,Miguel Cruz,133,132,456,436,91,69,14,0,8,50,44,14,3.1,0,2,7,4,0,74,16.2,11,.209,.235,.296,.233,45,.232,38,-1.6,3.33,0,2,-32.6,-0.4
129331,Tommy Duncan,149,145,602,549,140,95,20,2,23,88,64,49,8.1,0,1,0,3,0,126,20.9,10,.255,.316,.424,.322,105,.290,105,4.3,3.82,3,4,3.7,0.7
127831,Wayne Durham,112,74,303,289,62,39,15,2,6,32,42,13,4.3,0,0,0,1,0,67,22.1,7,.215,.248,.343,.256,63,.258,60,-0.3,3.42,37,4,-14.4,-1.2
135915,Ji-haeng Kang,134,127,448,403,79,62,10,0,7,36,40,39,8.7,0,1,3,5,0,139,31.0,15,.196,.266,.273,.243,45,.275,43,0.4,3.99,7,4,-30.2,-1.2
133312,Raymond Klein,152,146,599,548,138,103,26,0,9,64,77,41,6.8,0,3,0,7,0,94,15.7,8,.252,.304,.349,.288,83,.285,82,2.9,3.47,11,1,-12.4,2.1
124761,Brian McKnight,81,39,183,165,29,21,4,0,4,18,19,14,7.7,0,4,0,0,0,38,20.8,4,.176,.257,.273,.243,48,.203,50,0.1,3.55,0,0,-10.8,-0.4
134388,Bo Morán,136,136,577,526,131,99,25,1,6,43,76,34,5.9,0,14,1,3,0,86,14.9,9,.249,.310,.335,.287,73,.286,74,2.7,3.43,16,4,-17.8,0.1
125746,Rusty Munter,148,143,559,521,120,79,16,2,23,67,67,32,5.7,1,2,0,4,0,100,17.9,7,.230,.275,.401,.291,86,.241,83,2.6,3.58,8,2,-10.8,-0.0
124348,Mike Ortíz,128,128,562,522,139,76,41,4,18,76,82,31,5.5,0,6,0,3,0,99,17.6,14,.266,.313,.464,.332,115,.297,116,4.9,3.56,22,2,10.2,2.8
132210,Juan Pérez,126,119,414,375,73,50,12,1,10,38,44,36,8.7,0,3,1,0,0,110,26.6,7,.195,.271,.312,.262,60,.247,59,0.2,3.86,0,1,-19.7,-4.2
132919,Carlos Rodríguez,151,144,601,548,131,86,19,2,24,66,56,46,7.7,3,2,0,5,0,110,18.3,13,.239,.298,.412,.305,97,.255,93,1.4,3.59,3,1,-4.7,-1.1
128545,Naim Shulku,149,146,649,563,163,102,23,4,34,88,95,80,12.3,3,0,0,6,0,92,14.2,10,.290,.374,.526,.382,154,.291,148,7.0,3.79,18,4,37.4,-1.6
132129,Sergio Vázquez,66,66,268,242,59,43,9,0,7,29,31,20,7.5,0,4,5,2,0,57,21.3,4,.244,.310,.368,.300,85,.289,88,1.5,3.76,1,0,-3.8,2.6
131024,Joe Adams,135,130,522,490,136,102,15,0,19,59,50,24,4.6,2,5,0,3,0,106,20.3,17,.278,.316,.424,.319,100,.318,101,2.3,3.46,0,1,0.6,1.7
124649,Ellis Alexander,142,136,589,529,141,89,18,1,33,95,91,50,8.5,4,4,0,6,0,74,12.6,21,.267,.331,.491,.348,121,.252,119,4.0,3.52,28,4,13.2,2.2
129522,Jonathan Colorado,149,146,628,564,153,96,22,0,35,110,88,44,7.0,2,10,0,10,0,75,11.9,17,.271,.330,.496,.350,127,.254,124,3.5,3.60,5,6,18.5,-0.6
129926,António Diéguez,149,146,557,545,132,103,20,1,8,40,43,8,1.4,0,1,10,3,0,64,11.5,13,.242,.253,.327,.252,59,.261,55,-0.1,3.14,0,0,-29.3,-1.4
135912,Artur Donas,115,99,367,332,58,48,10,0,0,20,34,28,7.6,0,4,7,3,1,79,21.5,10,.175,.245,.205,.211,25,.227,26,-1.6,3.78,2,2,-32.0,0.2
132373,Bryan Foster,107,103,429,394,112,77,24,3,8,49,37,24,5.6,4,10,0,1,0,87,20.3,4,.284,.340,.421,.324,104,.347,101,2.1,3.56,0,0,0.8,-0.2
136636,Armando García,106,102,382,357,89,59,20,1,9,35,28,20,5.2,0,3,5,2,0,53,13.9,4,.249,.293,.387,.296,86,.269,86,1.4,3.43,6,4,-6.2,0.2
129880,Nathan Gemb,101,98,408,341,77,58,10,1,8,29,55,62,15.2,2,5,0,0,0,84,20.6,4,.226,.353,.331,.312,97,.277,99,1.8,4.16,4,3,-0.1,1.6
128950,Cipriano González,150,146,635,579,153,97,22,0,34,84,83,39,6.1,0,8,0,9,0,113,17.8,14,.264,.315,.478,.339,112,.270,114,2.7,3.60,0,0,10.9,-5.2
129923,Kevin Hooper,106,93,397,370,91,58,16,2,15,51,46,19,4.8,0,6,0,2,0,80,20.2,17,.246,.292,.422,.309,95,.274,93,0.6,3.73,1,0,-3.2,-6.2
132784,Yohan Langlet,146,146,575,549,143,99,26,0,18,95,56,14,2.4,1,6,2,6,0,106,18.4,17,.260,.283,.406,.296,86,.290,85,1.8,3.30,23,2,-10.1,0.6
127604,Wilbert Leylan,120,119,460,407,86,61,17,0,8,38,35,47,10.2,0,1,1,5,0,82,17.8,9,.211,.291,.312,.272,67,.242,66,-0.4,3.78,7,6,-17.9,0.4
135050,Noel Mann,144,138,498,442,99,67,19,4,9,47,57,47,9.4,1,8,2,1,0,110,22.1,16,.224,.309,.346,.292,80,.278,80,0.7,3.88,0,0,-11.3,-2.0
133737,Bradley Massey,127,127,385,354,69,47,11,2,9,39,33,27,7.0,0,2,1,2,0,116,30.1,7,.195,.255,.314,.250,55,.260,50,0.5,3.85,2,0,-22.8,-0.9
127979,Tom Miller,152,145,602,551,93,48,16,2,27,68,68,42,7.0,2,4,0,5,1,155,25.7,15,.169,.231,.352,.251,62,.176,57,-0.3,3.72,15,1,-30.5,1.0
132149,Ismael Pérez,117,111,460,418,97,68,16,2,11,40,55,31,6.7,0,7,0,4,0,116,25.2,11,.232,.293,.359,.285,74,.292,73,1.0,3.66,0,0,-14.6,0.2
134077,Reynaldo Rodríguez,146,146,547,506,124,81,29,3,11,60,51,33,6.0,0,3,0,5,1,143,26.1,7,.245,.293,.379,.293,82,.317,83,1.9,3.63,6,4,-11.1,0.1
129296,Paco Salazar,105,102,421,371,93,59,23,1,10,32,56,47,11.2,0,2,0,1,0,99,23.5,6,.251,.337,.399,.326,91,.316,100,2.6,3.87,42,2,0.4,-0.6
137429,John Spitler,148,147,540,465,119,75,32,4,8,57,50,67,12.4,12,4,2,4,1,69,12.8,12,.256,.352,.394,.315,113,.283,102,2.9,3.80,9,1,1.5,1.2
132853,Gustavo Vargas,139,138,591,522,121,57,30,1,33,89,82,56,9.5,0,9,0,4,0,186,31.5,8,.232,.315,.483,.342,128,.287,122,4.0,3.90,1,0,15.8,-0.1
127929,Henry Austin,75,30,138,131,34,21,10,1,2,11,15,5,3.6,0,2,0,0,0,21,15.2,3,.260,.297,.397,.302,95,.296,92,0.0,3.49,0,0,-1.2,-1.6
133016,Rafael Calderón,152,149,659,628,155,71,23,1,60,115,104,16,2.4,1,11,1,4,0,157,23.8,17,.247,.276,.573,.354,124,.229,124,4.2,3.46,1,3,19.4,-1.6
123153,Lyle Callahan,148,145,686,600,177,112,51,0,14,57,105,77,11.2,0,6,1,3,0,109,15.9,12,.295,.379,.450,.364,132,.340,134,6.0,3.84,7,7,27.9,-0.1
129080,Emílio Candelária,90,90,389,351,96,58,24,0,14,45,49,32,8.2,1,6,1,0,0,84,21.6,9,.274,.344,.462,.349,119,.324,122,1.9,3.66,2,0,10.3,-3.2
134017,Jon Cooper,120,69,283,258,51,30,14,1,6,27,25,22,7.8,0,0,2,3,0,52,18.4,9,.198,.258,.329,.259,60,.222,56,-0.1,3.70,2,1,-14.2,-0.7
135939,Héctor Flores,112,107,468,392,79,44,11,1,23,62,65,68,14.5,0,5,2,3,0,151,32.3,7,.202,.325,.411,.325,109,.253,108,1.8,4.21,14,4,4.9,1.6
133535,Jeffrey Foster,84,49,202,187,32,21,6,0,5,16,18,12,5.9,0,0,0,3,0,78,38.6,4,.171,.218,.283,.221,37,.252,33,-0.9,3.91,0,0,-15.9,0.8
128605,Tynan Fox,71,65,253,239,62,44,11,0,7,29,30,13,5.1,0,0,2,1,0,36,14.2,1,.259,.296,.393,.300,89,.279,89,0.8,3.43,2,1,-3.1,2.0
125983,Ted Gorzelanny,137,132,538,486,127,96,16,2,13,45,55,38,7.1,0,12,4,2,0,104,19.3,7,.261,.329,.383,.316,95,.307,96,2.1,3.63,7,1,-1.9,-2.5
129805,Ron Goulder,96,94,384,359,95,73,15,0,7,41,38,17,4.4,1,5,1,3,0,68,17.7,8,.265,.305,.365,.293,85,.307,84,0.5,3.46,7,5,-7.2,-1.9
130084,David Hamilton,128,121,469,418,102,73,16,1,12,57,46,41,8.7,2,4,0,6,0,56,11.9,18,.244,.313,.373,.300,88,.253,88,1.8,3.55,1,0,-6.4,-2.4
131390,Melvin Harvey,72,24,138,117,28,20,7,0,1,14,12,17,12.3,2,2,0,2,0,38,27.5,0,.239,.341,.325,.293,91,.338,86,0.3,4.01,3,0,-2.2,0.3
124293,Jay Hennessey,59,57,217,197,39,27,5,0,7,25,13,14,6.5,0,3,0,3,0,53,24.4,6,.198,.258,.330,.259,60,.229,60,-0.1,3.92,1,1,-10.2,0.6
129079,Ward Holmes,147,146,537,465,98,73,13,1,11,47,51,61,11.4,8,8,1,3,0,85,15.8,20,.211,.311,.314,.275,75,.234,72,-1.8,3.64,5,4,-17.8,-1.4
134311,Jerry Howell,127,126,500,456,105,81,13,0,11,51,45,33,6.6,0,7,7,4,0,104,20.8,11,.230,.290,.331,.277,72,.272,73,-1.0,3.73,0,4,-15.9,0.3
121341,Wade Huebner,56,38,175,166,37,28,8,0,1,11,22,8,4.6,0,0,3,1,0,27,15.4,0,.223,.257,.289,.242,49,.259,45,-0.1,3.34,18,5,-11.2,-0.9
132141,Rusty Kroll,95,86,360,314,74,51,12,1,10,33,43,37,10.3,2,6,1,3,0,37,10.3,10,.236,.325,.376,.308,98,.237,96,0.9,3.61,1,0,-1.4,-2.0
126222,Ernest Lamb,124,112,451,397,86,66,20,0,0,31,51,46,10.2,3,4,12,4,0,81,18.0,7,.217,.302,.267,.258,61,.269,61,0.1,3.76,36,10,-20.9,0.1
121336,Peter Lee,143,137,588,522,120,77,15,0,28,90,72,56,9.5,3,5,0,5,1,144,24.5,12,.230,.308,.420,.314,87,.259,92,1.9,3.80,3,8,-5.3,2.1
133720,Richard Logan,111,106,437,397,95,66,10,0,19,57,46,30,6.9,0,6,0,4,0,110,25.2,11,.239,.300,.408,.308,99,.279,97,1.1,3.89,1,0,-1.5,-3.4
127628,Pepe Marín,106,86,324,287,59,42,7,1,9,31,28,32,9.9,2,2,1,3,0,63,19.4,7,.206,.287,.331,.272,69,.229,66,0.4,3.73,3,0,-12.7,-3.6
122793,Noah Richard,52,33,142,132,27,22,4,0,1,11,9,2,1.4,0,5,4,3,0,25,17.6,5,.205,.239,.258,.222,40,.239,36,-0.6,3.47,3,1,-10.7,-0.2
126918,Steve Riley,150,146,622,602,169,119,30,4,16,76,84,11,1.8,0,4,7,5,0,66,10.6,15,.281,.296,.424,.309,96,.291,95,5.1,3.18,60,4,-3.6,5.7
128099,Francisco Rosas,64,48,198,177,39,27,7,1,4,17,18,19,9.6,0,2,0,0,0,55,27.8,4,.220,.303,.339,.288,78,.297,78,0.0,3.83,0,1,-5.0,0.1
122155,Bruce Ross,152,145,607,575,142,105,15,0,22,82,59,25,4.1,0,1,4,6,0,128,21.1,20,.247,.277,.388,.288,83,.278,81,-0.4,3.54,0,2,-13.5,1.4
133652,Paul Tate,120,116,487,442,117,82,17,2,16,56,58,39,8.0,0,4,0,2,0,62,12.7,11,.265,.329,.421,.328,105,.276,105,2.3,3.59,3,0,3.3,-2.4
129738,Ray Thomas,126,122,521,462,115,80,16,1,18,66,67,50,9.6,3,0,0,9,0,43,8.3,16,.249,.317,.405,.310,92,.237,93,1.2,3.65,0,0,-4.2,-1.4
125588,Michael Waratah,29,28,123,111,32,22,9,0,1,18,19,11,8.9,0,1,0,0,0,17,13.8,2,.288,.358,.396,.335,108,.333,112,0.9,3.61,1,0,1.9,0.8
130413,Benjamin Wise,145,145,668,603,170,100,46,5,19,68,99,57,8.5,0,3,0,5,0,55,8.2,16,.282,.344,.469,.351,123,.283,124,5.2,3.51,14,6,19.4,2.0
124522,Ed Bracy,50,32,147,133,30,19,10,1,0,10,16,10,6.8,0,2,3,2,0,27,18.4,2,.226,.286,.316,.268,64,.278,65,0.1,3.76,8,1,-6.1,-0.7
126765,Tom Brandon,151,147,568,502,109,73,26,1,9,51,70,52,9.2,0,7,0,7,0,95,16.7,14,.217,.296,.327,.279,74,.247,75,-0.1,3.84,6,7,-16.6,0.8
123812,Tony Cobb,96,92,368,331,73,58,11,2,2,32,37,33,9.0,1,3,0,1,0,76,20.7,5,.221,.296,.284,.263,60,.280,62,-0.6,3.91,14,3,-16.3,2.3
126415,Chad Cox,150,141,593,538,164,120,27,0,17,86,91,46,7.8,0,3,0,6,0,72,12.1,21,.305,.359,.450,.352,122,.323,124,4.1,3.48,10,1,17.6,-1.0
132540,Victor Crawford,143,143,592,523,130,100,13,1,16,67,62,63,10.6,0,1,0,5,0,94,15.9,15,.249,.328,.369,.310,94,.273,96,2.5,3.88,0,0,-2.4,-1.6
129865,Augusto Durán,62,55,220,202,61,48,10,0,3,35,27,14,6.4,0,3,2,1,0,41,18.6,5,.302,.355,.396,.332,108,.365,109,1.3,3.63,20,1,2.4,0.1
135832,Jorge González,147,144,591,524,117,89,16,3,9,54,51,62,10.5,2,2,0,3,0,111,18.8,11,.223,.306,.317,.279,72,.265,74,-1.9,3.71,1,4,-18.1,-1.3
123075,Werner Green,60,49,206,186,59,44,10,0,5,29,19,9,4.4,0,4,3,7,0,22,10.7,4,.317,.350,.452,.344,123,.325,120,1.2,3.52,0,1,5.0,-0.4
128878,Damon Johnson,97,93,375,332,91,55,27,2,7,43,42,40,10.7,1,1,0,2,0,59,15.7,8,.274,.352,.431,.341,118,.313,118,2.3,3.81,14,3,8.0,-1.0
120135,Samuel Mckenzie,135,115,468,434,98,72,16,2,8,48,49,30,6.4,0,4,0,0,0,105,22.4,12,.226,.282,.327,.271,67,.280,68,-0.6,3.59,7,0,-17.4,-1.0
133563,Gordon O'Rourke,118,118,520,439,110,70,25,2,13,50,62,66,12.7,0,9,1,6,0,92,17.7,10,.251,.356,.405,.337,110,.285,114,2.4,3.98,5,3,8.9,-1.8
134887,Tomás Ramos,143,121,557,484,147,92,25,2,28,87,85,61,11.0,6,9,0,3,0,80,14.4,12,.304,.390,.537,.387,147,.314,145,4.7,3.78,1,0,30.4,-2.7
127378,Joe Shelton,126,88,387,340,68,50,9,1,8,36,49,42,10.9,1,1,0,4,0,85,22.0,13,.200,.287,.303,.265,65,.239,65,-0.8,3.88,3,0,-15.7,-2.7
127126,Jeff Thomas,138,133,584,500,124,80,9,0,35,87,88,75,12.8,9,6,0,3,0,112,19.2,11,.248,.351,.476,.348,132,.250,124,3.3,3.75,31,10,17.1,2.1
135434,Pete Uribe,138,137,547,469,100,81,12,1,6,25,63,70,12.8,0,6,0,2,0,125,22.9,7,.213,.322,.281,.281,71,.276,76,1.9,4.13,37,6,-15.1,1.2
132696,Ira van Loo,149,146,635,570,153,94,27,0,32,86,75,57,9.0,6,3,0,5,0,72,11.3,8,.268,.335,.484,.346,125,.257,121,4.0,3.62,14,8,16.1,2.4
122780,Will Wood,48,30,126,116,21,16,4,0,1,12,11,9,7.1,0,0,0,1,0,23,18.3,3,.181,.238,.241,.218,33,.215,32,-1.0,4.02,0,0,-10.2,0.3
124673,Cristo Alvarado,152,123,501,465,132,98,23,0,11,50,40,33,6.6,1,2,0,1,0,54,10.8,9,.284,.333,.404,.323,106,.302,105,1.9,3.55,0,0,3.4,-2.9
133329,Wilber Bishop,124,119,472,425,106,60,26,4,16,62,61,34,7.2,1,7,0,6,0,79,16.7,6,.249,.311,.442,.320,100,.268,98,1.8,3.56,17,5,-1.0,-0.3
133532,Robert Brown,157,156,559,516,135,99,20,0,16,71,55,31,5.5,3,6,0,6,0,55,9.8,16,.262,.308,.393,.302,94,.264,91,0.4,3.30,2,0,-5.9,-0.7
136130,José Collazo,58,25,131,120,34,23,11,0,0,12,17,9,6.9,0,0,1,2,1,24,18.3,2,.283,.328,.375,.309,97,.347,96,0.3,3.90,5,1,-0.6,0.1
122094,Jerry Crocker,73,58,216,194,42,27,14,0,1,9,25,21,9.7,0,1,6,0,0,56,25.9,6,.216,.296,.304,.272,64,.299,65,-0.5,4.17,16,1,-8.7,-1.0
128452,Bill Davis,102,35,176,143,35,24,7,0,4,22,19,28,15.9,0,3,0,2,0,30,17.0,8,.245,.375,.378,.340,120,.279,121,0.8,4.27,0,0,4.4,-0.7
133514,Larry Dickey,150,145,644,552,138,88,19,2,29,87,87,83,12.9,12,4,0,5,0,72,11.2,8,.250,.349,.449,.336,123,.239,114,3.4,3.72,8,1,11.5,-3.4
130905,Pablo Jiménez,114,96,403,368,105,79,11,0,15,55,50,28,6.9,0,4,0,3,0,62,15.4,7,.285,.340,.438,.339,114,.306,114,1.1,3.45,1,1,6.7,-2.7
125622,Brandon Kusik,150,147,647,581,139,95,21,3,20,61,90,61,9.4,1,2,0,3,0,116,17.9,7,.239,.312,.389,.308,98,.266,96,3.6,3.62,42,7,-2.5,2.2
124418,Daniel McClain,128,124,521,480,137,95,20,0,22,79,76,35,6.7,0,1,0,5,0,101,19.4,16,.285,.332,.465,.344,115,.318,116,2.4,3.67,3,2,9.9,-1.5
129695,Gerardo Montalvo,121,102,416,378,100,71,19,2,8,34,44,34,8.2,1,3,0,1,0,61,14.7,8,.265,.329,.389,.316,97,.297,96,0.3,3.60,1,1,-1.5,-1.0
128141,Casey Roberts,146,143,594,506,113,82,16,2,13,65,65,84,14.1,2,2,5,2,0,60,10.1,8,.223,.335,.340,.304,86,.230,90,1.0,3.79,1,0,-6.4,2.6
128918,Doug Sherrard,147,144,542,486,102,76,19,0,7,43,44,53,9.8,2,0,1,3,0,117,21.6,17,.210,.286,.292,.260,59,.260,60,-0.4,3.91,0,0,-25.6,-1.2
129304,Davis Todd,129,126,491,442,116,76,23,3,14,66,51,40,8.1,3,4,1,5,0,83,16.9,17,.262,.326,.423,.322,102,.291,100,2.1,3.75,2,0,0.3,1.8
118168,Dave Adkins,74,48,208,173,37,25,5,0,7,15,29,31,14.9,0,2,0,2,0,42,20.2,10,.214,.337,.364,.316,93,.238,97,0.5,4.19,1,0,-0.7,0.2
130047,Rodney Brown,129,122,526,452,110,68,18,0,24,62,59,67,12.7,4,4,0,3,0,122,23.2,17,.243,.344,.442,.339,117,.278,114,1.3,3.80,7,1,8.8,-6.6
129118,Mychal Calhoun,137,132,528,459,96,60,15,2,19,66,61,60,11.4,1,2,1,7,0,118,22.3,11,.209,.299,.375,.296,83,.234,85,1.7,4.01,25,3,-9.3,-3.2
127389,Fred Cruz,128,126,530,494,123,90,15,1,17,47,79,32,6.0,0,2,1,2,0,106,20.0,13,.249,.296,.387,.299,89,.284,88,0.4,3.56,32,6,-7.1,0.1
125907,Jeffrey Daniels,149,147,643,578,165,99,18,3,45,128,101,51,7.9,1,5,0,9,0,93,14.5,15,.285,.344,.561,.381,148,.267,145,5.9,3.62,7,5,34.9,2.9
128034,Michael Grant,134,134,575,489,136,94,31,0,11,68,59,75,13.0,1,10,0,1,0,76,13.2,19,.278,.384,.409,.353,126,.310,128,2.8,3.97,1,1,19.2,-3.2
134058,Gerald Harris,138,128,546,465,97,65,12,1,19,54,55,78,14.3,6,2,0,1,0,199,36.4,6,.209,.324,.361,.301,88,.315,86,0.1,4.15,9,7,-8.5,-1.4
125725,Brett Herring,95,63,287,249,51,38,10,1,2,22,23,34,11.8,0,2,0,2,0,39,13.6,6,.205,.303,.277,.268,67,.233,69,0.3,3.77,0,0,-10.3,1.8
124612,Kyle Holt,104,101,427,375,107,71,18,4,14,61,56,31,7.3,0,17,0,4,0,46,10.8,16,.285,.363,.467,.361,128,.292,129,2.9,3.62,2,3,14.8,0.1
131885,Chris Johnson,136,132,504,454,101,62,18,1,20,67,55,34,6.7,0,13,1,3,0,61,12.1,12,.222,.294,.399,.303,88,.215,88,1.2,3.47,7,7,-6.9,0.3
125695,John Kirkland,146,145,629,604,157,96,25,1,35,94,72,17,2.7,0,2,0,6,0,84,13.4,21,.260,.280,.478,.322,107,.248,105,2.3,3.39,1,2,3.8,-2.4
120666,Charles Leslie,76,71,311,274,70,49,15,3,3,30,36,34,10.9,0,3,0,0,0,44,14.1,5,.255,.344,.365,.318,99,.295,102,0.5,3.88,2,1,1.0,0.2
135581,Glenn Nichols,129,128,506,435,99,66,18,1,14,44,54,64,12.6,0,4,0,3,0,123,24.3,11,.228,.330,.370,.313,95,.282,98,1.2,3.94,2,1,-0.7,-1.2
134160,John Peckford,42,19,90,72,13,11,2,0,0,4,8,16,17.8,0,2,2,0,0,14,15.6,2,.181,.344,.208,.276,58,.224,72,-0.2,3.89,0,1,-3.0,-1.4
120705,Spike Ray,105,78,345,308,85,67,12,1,5,39,43,28,8.1,0,4,0,5,0,31,9.0,8,.276,.339,.370,.315,95,.289,98,1.1,3.63,12,3,-0.6,0.9
131108,Mike Sparks,93,65,249,232,54,35,3,1,15,29,34,14,5.6,0,3,0,0,0,35,14.1,3,.233,.285,.448,.316,95,.214,96,-0.2,3.41,1,2,-1.0,-1.2
129279,Santiago Sánz,76,70,306,280,80,63,10,1,6,25,42,21,6.9,0,3,1,2,0,31,10.1,8,.286,.340,.393,.323,103,.302,105,1.0,3.35,19,3,2.0,0.9
129869,Andy Thost,156,143,673,569,181,98,16,0,67,146,122,90,13.4,20,7,0,7,0,91,13.5,20,.318,.413,.699,.441,191,.273,182,9.2,3.73,0,0,66.3,-5.7
132017,Tong-kyu Tongbang,25,24,105,90,23,20,0,0,3,13,13,13,12.4,0,0,0,2,0,18,17.1,1,.256,.343,.356,.313,96,.282,98,0.3,3.98,12,2,-0.1,0.6
130026,Dave van Al,91,63,281,265,64,42,17,0,5,30,27,15,5.3,0,1,2,0,0,29,10.3,6,.242,.285,.362,.284,76,.255,74,-0.7,3.42,2,2,-8.3,-2.0
131133,Ernesto Castellanos,34,27,125,115,34,18,7,0,9,23,15,8,6.4,1,1,0,1,0,21,16.8,8,.296,.344,.591,.389,155,.291,150,1.4,3.66,0,0,7.6,0.1
127849,Daniel Cates,138,128,591,512,141,98,21,3,19,59,87,57,9.6,1,19,0,3,0,135,22.8,5,.275,.367,.439,.352,126,.338,130,3.5,3.89,12,3,19.6,0.5
125813,Mark Henderson,140,138,588,533,127,84,15,3,25,66,76,48,8.2,4,4,1,3,0,122,20.7,20,.238,.304,.418,.310,98,.262,93,0.8,3.63,0,1,-4.3,-2.6
125932,Roger Jones,141,138,585,514,129,69,30,0,30,96,76,53,9.1,1,10,0,8,0,99,16.9,15,.251,.328,.484,.347,123,.252,122,3.8,3.61,5,3,15.6,-1.8
130473,Artie Lee,152,136,595,521,133,81,21,3,28,92,81,63,10.6,5,7,0,4,0,62,10.4,15,.255,.341,.468,.345,123,.241,120,1.5,3.58,2,0,14.3,-6.2
132058,Wilford Lewis,84,59,261,239,57,34,17,0,6,32,18,17,6.5,0,3,0,2,0,45,17.2,8,.238,.295,.385,.297,86,.268,84,0.5,3.58,0,0,-4.7,-2.0
128766,Bill Ortega,101,94,381,334,80,52,5,0,23,51,40,41,10.8,0,3,0,3,0,91,23.9,13,.240,.325,.461,.341,113,.256,114,1.8,3.92,0,0,6.4,-1.9
120028,James Stephens,75,56,266,256,57,38,13,2,4,21,29,10,3.8,2,0,0,0,0,43,16.2,5,.223,.252,.336,.251,61,.254,52,-0.9,3.33,23,4,-14.8,0.3
126952,Tim Teck,123,120,519,452,117,73,22,0,22,85,57,47,9.1,1,15,0,5,0,123,23.7,15,.259,.345,.454,.347,120,.304,119,2.9,3.78,2,0,11.8,-4.0
127317,Roberto Villanueva,143,143,641,582,158,124,24,3,7,58,73,51,8.0,0,4,0,4,0,114,17.8,11,.271,.332,.359,.308,96,.325,96,3.3,3.73,40,3,-2.8,0.6
132639,Dave Wallace,141,138,581,540,132,90,15,0,27,93,72,26,4.5,2,6,0,9,0,127,21.9,9,.244,.282,.422,.300,91,.266,88,0.9,3.61,1,0,-8.0,1.3
128039,Otto Bailey,147,141,620,544,133,92,22,1,18,69,62,69,11.1,0,4,0,3,0,110,17.7,13,.244,.332,.388,.320,101,.274,103,2.0,3.92,3,2,2.5,-3.2
128397,Ben Dennis,145,129,581,518,130,73,32,2,23,82,73,55,9.5,11,4,0,4,0,121,20.8,6,.251,.325,.454,.324,113,.283,103,1.3,3.70,1,0,2.5,0.2
133922,António Flores,85,73,320,274,70,49,13,2,6,34,31,42,13.1,2,3,1,1,0,40,12.5,5,.255,.359,.383,.326,101,.279,102,0.7,3.69,1,2,0.9,-3.6
127363,William Gray,142,120,548,512,124,72,27,3,22,67,71,27,4.9,1,4,1,5,0,129,23.5,7,.242,.283,.436,.307,95,.279,93,1.2,3.60,11,6,-4.4,-0.7
126772,Emmett Hardin,98,81,330,270,68,34,14,2,18,56,52,48,14.5,5,9,0,3,0,99,30.0,4,.252,.379,.519,.375,144,.321,138,2.4,3.97,0,0,15.0,-0.7
128078,Eugene Jackson,151,147,650,614,159,113,31,5,10,68,70,28,4.3,0,3,0,5,0,84,12.9,11,.259,.292,.375,.290,82,.284,81,0.0,3.38,20,9,-14.0,-3.8
132001,Raymond Lawrence,156,155,698,595,167,103,32,1,31,102,108,87,12.5,5,13,0,3,0,135,19.3,21,.281,.383,.494,.376,145,.315,142,5.2,3.87,4,2,35.4,1.9
130072,Stuart Lowe,35,25,115,108,23,19,2,0,2,14,12,7,6.1,0,0,0,0,0,21,18.3,2,.213,.261,.287,.246,53,.247,52,-0.3,3.99,0,0,-6.5,1.3
121910,Dan Miller,108,85,380,351,88,65,19,0,4,33,40,12,3.2,0,11,0,6,0,67,17.6,6,.251,.292,.339,.279,78,.294,76,0.0,3.28,33,4,-10.8,-0.7
127893,Christopher Moore,106,105,450,379,88,50,27,0,11,50,46,56,12.4,0,6,0,9,0,87,19.3,17,.232,.333,.391,.320,104,.266,104,0.5,3.85,2,0,2.3,-0.8
126046,Brad Reeves,155,154,702,616,170,105,34,0,31,93,102,83,11.8,1,0,0,3,0,125,17.8,20,.276,.360,.482,.364,128,.300,131,3.6,3.95,0,0,26.6,-4.1
136609,Tetsunori Rin,149,148,633,598,195,122,32,3,38,127,106,19,3.0,2,6,0,10,0,84,13.3,4,.326,.348,.580,.385,144,.323,143,4.4,3.36,13,8,33.2,-0.2
132778,Isao Sano,110,105,468,429,127,72,20,2,33,97,82,32,6.8,0,3,0,4,0,65,13.9,7,.296,.346,.583,.392,150,.281,150,3.0,3.56,5,3,27.7,-4.3
124212,Scott Shahan,135,133,592,534,166,95,27,3,41,126,95,52,8.8,4,2,0,4,0,47,7.9,19,.311,.372,.603,.407,161,.278,160,5.3,3.51,1,1,42.0,-0.1
127270,Kade Shelton,92,86,357,335,86,60,15,1,10,38,36,20,5.6,0,0,0,2,0,49,13.7,6,.257,.297,.397,.302,90,.273,88,0.1,3.49,3,2,-5.0,-0.2
127533,Rich Starr,152,150,680,574,153,105,21,0,27,85,85,94,13.8,4,8,0,4,0,82,12.1,15,.267,.375,.444,.357,125,.269,127,2.5,4.02,1,1,22.5,-3.4
124319,Jeremy Thompson,58,43,183,165,30,15,4,1,10,21,16,12,6.6,1,5,0,1,0,60,32.8,3,.182,.257,.400,.281,78,.208,75,-0.2,3.89,2,2,-5.3,0.6
136116,Frans Ubbens,126,119,545,485,125,85,12,3,25,56,84,53,9.7,2,5,0,2,0,113,20.7,12,.258,.336,.449,.340,114,.287,113,2.9,3.74,0,0,8.7,0.4
130015,Leonard Varva,81,54,224,200,39,28,7,0,4,19,19,18,8.0,0,3,0,3,0,40,17.9,0,.195,.268,.290,.252,53,.220,54,-0.5,3.42,0,0,-12.0,-1.0
129067,Roland Alomar,111,88,389,347,92,47,27,5,13,61,53,37,9.5,1,1,0,4,0,49,12.6,10,.265,.334,.484,.349,121,.273,119,2.3,3.53,2,2,9.0,-1.0
124354,Chet Barry,123,115,525,477,132,93,25,3,11,51,64,38,7.2,0,6,0,4,0,87,16.6,9,.277,.335,.411,.327,103,.316,104,1.8,3.65,8,7,2.7,0.5
128595,Victor Baxter,98,91,416,380,103,69,20,4,10,31,56,33,7.9,0,2,0,1,0,90,21.6,6,.271,.332,.424,.330,103,.331,105,2.3,3.62,16,5,2.7,1.2
133661,Jerry Benton,121,118,505,431,90,55,19,0,16,44,56,71,14.1,0,1,0,2,0,110,21.8,12,.209,.321,.364,.307,92,.241,95,0.1,4.10,15,7,-2.8,0.2
129324,John Bowles,74,67,258,246,54,41,3,1,9,27,32,11,4.3,0,0,2,1,0,77,29.8,2,.220,.252,.350,.262,66,.280,63,-0.6,3.80,14,2,-11.2,0.5
132519,Félix De La Cruz,152,145,681,615,169,111,51,1,6,49,109,59,8.7,5,6,0,1,0,67,9.8,12,.275,.344,.390,.320,105,.300,103,4.9,3.68,48,2,3.0,4.3
126754,Carlos Encarnación,147,142,627,522,139,89,29,1,20,72,61,97,15.5,2,3,0,5,0,102,16.3,16,.266,.381,.441,.360,126,.294,129,3.8,3.99,0,0,22.1,-6.3
126828,Ernesto Fuentes,145,145,680,594,155,119,28,1,7,48,78,74,10.9,0,9,0,3,0,76,11.2,15,.261,.350,.347,.315,92,.288,98,2.3,3.88,0,0,-1.4,-4.4
133623,Ángel Gallegos,87,81,353,322,88,56,14,2,16,46,33,24,6.8,0,5,0,2,0,67,19.0,6,.273,.331,.478,.349,116,.299,119,1.8,3.51,3,4,7.9,-0.6
123053,Eric Givens,76,72,301,282,72,45,15,0,12,38,40,16,5.3,0,2,0,1,0,37,12.3,7,.255,.299,.436,.318,99,.256,100,0.1,3.57,2,3,0.2,1.2
133795,Bob Kenmore,125,124,553,483,118,77,22,4,15,48,79,61,11.0,0,8,0,1,0,82,14.8,8,.244,.338,.400,.327,114,.266,112,1.6,3.80,16,4,8.0,-0.7
124213,Josh Lloyd,150,143,624,578,161,104,30,0,27,98,76,31,5.0,5,8,0,7,0,57,9.1,18,.279,.321,.471,.334,122,.267,114,3.3,3.30,6,6,11.0,-3.0
133057,Harry McNeely,100,100,469,382,106,77,18,1,10,53,75,81,17.3,2,3,0,3,0,64,13.6,14,.277,.405,.408,.362,124,.309,130,3.1,4.04,16,4,17.1,3.4
128755,Pedro Padilla,125,119,533,444,96,62,17,2,15,44,61,84,15.8,1,2,1,3,0,164,30.8,4,.216,.341,.365,.317,96,.302,98,1.0,4.20,15,4,-0.7,0.1
125005,Teuvo Pesola,149,144,622,514,138,95,17,1,25,93,67,90,14.5,0,8,0,10,0,50,8.0,18,.268,.379,.451,.364,130,.252,133,4.2,3.92,1,1,24.7,-5.7
133602,Javier Rodríguez,150,144,625,542,128,87,26,2,13,53,98,80,12.8,2,0,0,3,0,119,19.0,9,.236,.333,.363,.310,95,.278,96,4.5,3.86,71,3,-2.6,5.2
127591,Mike Ryan,110,102,407,368,96,65,24,0,7,44,42,35,8.6,1,2,0,2,0,91,22.4,5,.261,.327,.383,.312,95,.327,96,1.4,3.62,3,0,-1.6,-3.0
128641,John Smith,148,147,646,570,146,93,26,5,22,80,82,65,10.1,8,9,0,2,0,91,14.1,7,.256,.341,.435,.331,111,.270,109,3.5,3.60,39,6,7.1,1.6
130391,Luis Vélez,55,37,172,147,31,24,3,0,4,17,20,20,11.6,0,2,0,3,0,51,29.7,5,.211,.308,.313,.282,71,.284,75,-0.3,4.03,8,1,-5.0,0.8
121107,Carter Ward,133,125,563,492,155,107,32,10,6,50,91,52,9.2,4,15,0,4,0,44,7.8,5,.315,.394,.457,.365,129,.334,130,3.3,3.39,63,11,20.3,-3.2
126129,Mike Woodworth,145,145,578,530,145,99,28,0,18,74,61,43,7.4,0,1,8,4,0,89,15.4,16,.274,.327,.428,.329,107,.297,108,2.5,3.60,5,5,6.2,2.9
132747,George Adamic,130,120,522,448,104,66,24,2,12,45,65,63,12.1,1,7,0,4,0,82,15.7,7,.232,.333,.375,.315,98,.257,100,2.2,3.91,26,9,0.1,2.0
128553,Steffen Adams,84,83,314,295,75,55,12,1,7,24,39,15,4.8,0,2,1,2,0,50,15.9,11,.254,.293,.373,.291,80,.283,79,1.0,3.51,1,0,-7.6,-0.1
128190,Tom Alexander,118,114,478,430,95,67,8,1,19,61,45,36,7.5,1,9,0,3,0,125,26.2,13,.221,.293,.377,.294,84,.263,84,-0.4,3.80,1,0,-8.6,-0.9
126258,John Alford,134,133,558,479,113,79,20,2,12,50,56,64,11.5,0,11,0,4,0,82,14.7,15,.236,.337,.361,.314,95,.260,99,1.1,3.84,2,3,-0.6,-1.8
135085,Dave Allen,134,115,477,437,123,74,20,4,25,89,60,36,7.5,5,2,1,2,0,88,18.4,18,.281,.338,.517,.358,135,.301,129,2.5,3.80,19,4,16.9,-0.4
122465,Dusty Allen,110,100,419,372,104,62,18,2,22,63,50,45,10.7,1,0,0,2,0,91,21.7,10,.280,.356,.516,.372,136,.314,136,2.4,3.89,0,0,18.0,0.2
130307,Carlos Alvarado,135,123,530,459,109,72,13,1,23,83,64,56,10.6,1,8,0,7,0,80,15.1,7,.237,.326,.420,.325,104,.237,105,1.5,3.81,0,0,3.7,2.4
131966,Miguel Alvero,153,149,645,568,170,94,37,2,37,103,112,61,9.5,7,9,0,7,0,49,7.6,15,.299,.372,.567,.391,161,.272,153,7.5,3.59,43,9,40.9,4.2
134083,Martín Andrade,106,106,465,414,104,59,17,1,27,69,71,41,8.8,3,8,0,2,0,95,20.4,11,.251,.329,.493,.349,123,.262,122,1.6,3.73,0,0,12.5,-0.2
133660,Alberto Arroyo,108,105,416,367,82,60,9,0,13,45,36,39,9.4,1,6,0,4,1,106,25.5,14,.223,.305,.354,.293,81,.274,80,2.0,3.97,0,0,-9.4,-2.7
133313,Paul Ash,141,141,618,551,138,85,25,4,24,82,85,57,9.2,1,8,0,2,1,127,20.6,9,.250,.328,.441,.334,106,.284,108,3.0,3.74,19,6,6.3,-2.6
126774,Lee Bader,96,33,211,195,55,39,5,0,11,36,28,10,4.7,1,3,0,3,0,34,16.1,4,.282,.322,.477,.339,120,.288,116,0.8,3.47,4,2,4.3,0.0
136286,Camillo Baggio,152,152,638,586,154,105,28,6,15,77,60,42,6.6,4,5,1,5,0,103,16.1,26,.263,.315,.408,.310,100,.294,97,-0.4,3.55,1,0,-2.2,-5.5
127371,Tynan Banks,40,27,127,109,31,23,3,0,5,20,15,17,13.4,1,0,1,1,0,20,15.7,2,.284,.378,.450,.358,130,.306,129,0.7,3.64,9,2,4.5,-0.2
132657,Joe Barker,149,148,637,569,150,96,44,4,6,39,80,58,9.1,1,5,1,5,0,94,14.8,9,.264,.334,.387,.317,103,.304,102,2.4,3.80,43,8,2.0,1.0
123987,Palmer Barry,100,62,295,259,49,32,10,0,7,35,18,33,11.2,2,2,0,1,0,77,26.1,9,.189,.285,.309,.265,66,.239,65,-1.0,3.86,0,0,-12.1,1.0
128139,Charles Barrón,153,148,666,547,152,78,44,6,24,96,114,102,15.3,6,11,0,6,0,84,12.6,7,.278,.398,.512,.386,134,.288,142,7.0,3.93,51,3,33.6,2.7
129927,Paul Bartlett,148,146,556,510,121,91,18,3,9,45,56,41,7.4,2,4,14,1,0,131,23.6,5,.237,.299,.337,.281,75,.302,75,1.8,3.79,19,1,-16.1,2.5
125614,Larry Beaupre,1,1,4,4,0,0,0,0,0,0,0,0,0.0,0,0,0,0,0,1,25.0,0,.000,.000,.000,.000,-100,.000,-116,-0.3,5.75,0,0,-1.0,0.0
130098,Merlin Bennett,146,146,610,552,127,80,27,2,18,74,71,47,7.7,1,6,0,5,0,83,13.6,7,.230,.295,.384,.296,90,.239,88,2.4,3.56,16,8,-8.5,0.8
131934,Domingo Benítez,101,77,326,282,58,40,16,0,2,11,32,43,13.2,0,1,5,0,0,68,20.9,6,.206,.313,.284,.277,67,.264,73,0.2,4.04,3,4,-10.4,0.3
135055,Ubbe Berckel,140,127,584,482,151,85,21,6,39,99,109,97,16.6,4,3,0,2,0,79,13.5,5,.313,.430,.624,.436,180,.306,180,7.4,3.87,11,3,55.9,-4.7
125739,Sal Berry,113,90,361,311,77,57,12,2,6,38,28,43,11.9,2,6,1,1,0,72,19.9,3,.248,.349,.357,.315,96,.303,97,0.4,4.06,4,2,-1.3,-0.3
128654,Kirk Bishop,77,73,276,260,56,42,9,0,5,27,22,12,4.3,0,1,1,3,0,64,23.2,8,.215,.250,.308,.245,53,.263,48,0.0,3.67,0,2,-16.7,-0.7
128054,Bill Black,133,115,518,448,127,84,22,3,18,54,68,66,12.7,1,3,0,1,0,65,12.5,15,.283,.378,.467,.368,128,.298,132,2.3,3.81,1,0,19.8,-4.7
123841,William Black,139,137,592,505,132,101,18,0,13,76,73,74,12.5,0,7,0,6,0,112,18.9,14,.261,.360,.374,.329,103,.308,109,1.0,3.79,1,0,6.4,-1.8
132497,Yuri Boehmer,96,94,341,318,75,59,13,0,3,39,19,13,3.8,0,5,6,5,0,45,13.2,9,.236,.273,.305,.256,63,.262,60,0.3,3.60,4,0,-15.9,0.7
130750,Lucas Bouet,126,126,555,501,141,93,34,3,11,40,64,44,7.9,1,8,0,2,0,101,18.2,9,.281,.348,.427,.338,112,.332,112,2.0,3.67,22,10,8.3,0.7
127719,Bob Bradley,152,152,677,617,198,138,37,3,20,77,86,55,8.1,1,3,0,2,0,102,15.1,10,.321,.378,.488,.375,138,.358,140,3.6,3.66,5,4,32.8,1.2
135166,Ray Bradley,146,140,652,573,154,97,45,3,9,49,80,73,11.2,1,3,0,3,0,106,16.3,12,.269,.353,.405,.334,97,.315,106,2.3,3.81,5,3,4.9,-2.7
133024,Ronnie Brantley,135,99,466,439,105,69,29,0,7,50,49,22,4.7,1,5,2,0,0,80,17.2,13,.239,.283,.353,.279,76,.278,74,-1.2,3.65,4,2,-13.9,-2.2
121858,Brian Brown,121,121,496,430,106,72,15,0,19,66,55,60,12.1,6,1,2,5,0,97,19.6,19,.247,.337,.414,.321,104,.273,102,2.2,3.79,0,0,1.6,-0.5
125470,Ed Brown,110,108,426,402,99,76,8,0,15,47,41,12,2.8,0,8,1,4,0,69,16.2,5,.246,.279,.378,.286,80,.261,76,1.3,3.35,2,1,-11.5,-0.5
123072,Paul Brown,53,46,181,146,30,25,3,0,2,7,21,33,18.2,0,2,2,0,0,26,14.4,6,.205,.359,.267,.301,76,.237,88,0.8,3.90,0,0,-2.4,-1.5
130745,Ron Brown,114,114,417,383,84,58,18,0,8,49,38,27,6.5,0,3,4,4,0,93,22.3,7,.219,.273,.329,.266,67,.266,66,0.4,3.86,1,0,-16.6,-2.1
130449,Andrew Burnett,156,146,644,559,121,77,32,1,11,63,76,80,12.4,2,4,0,1,0,112,17.4,3,.216,.318,.336,.294,84,.252,85,1.4,3.98,20,6,-10.8,-0.1
136832,José Báez,100,92,388,349,76,41,18,7,10,54,31,25,6.4,1,7,0,7,0,108,27.8,4,.218,.278,.395,.289,80,.277,76,0.5,3.80,2,3,-10.5,-1.4
132943,Vincente Bórquez,157,154,698,580,140,82,26,3,29,87,102,107,15.3,1,8,0,3,0,139,19.9,12,.241,.365,.447,.356,128,.267,129,5.1,4.03,57,7,24.4,2.9
125903,Dale CAbr,120,115,483,426,114,80,15,1,18,70,55,48,9.9,1,3,0,6,0,72,14.9,9,.268,.342,.434,.337,112,.281,111,0.2,3.79,2,1,6.7,-0.7
135123,Dale Cannon,89,89,348,308,58,46,7,2,3,33,32,37,10.6,0,1,1,2,0,69,19.8,7,.188,.276,.253,.245,50,.231,52,-0.6,4.10,0,0,-19.6,0.4
127633,Mike Cantrell,144,144,627,579,147,80,34,0,33,107,85,36,5.7,0,8,0,4,0,129,20.6,7,.254,.305,.484,.337,111,.271,113,3.6,3.68,0,0,9.9,2.0
128106,Ángel Canó,111,108,408,380,63,40,11,0,12,39,34,22,5.4,0,2,5,4,0,101,24.8,10,.166,.213,.289,.222,37,.188,30,-0.4,3.50,0,0,-32.9,-1.2
127219,Cory Carey,127,127,565,479,130,79,22,2,27,89,79,76,13.5,2,1,0,9,0,79,14.0,11,.271,.366,.495,.368,134,.270,133,3.7,3.76,7,4,22.2,-2.1
121655,Forest Carlqvist,81,70,299,251,55,42,11,1,1,16,32,44,14.7,1,4,1,0,0,29,9.7,5,.219,.344,.283,.293,77,.244,81,1.3,3.78,26,4,-6.5,-1.0
130053,Cory Carr,101,98,392,373,99,71,18,2,8,46,46,8,2.0,0,7,3,4,1,53,13.5,4,.265,.291,.389,.292,82,.288,79,-0.3,3.09,7,6,-9.8,-2.3
134547,Michael Carr,148,146,598,510,119,77,16,0,26,74,68,81,13.5,1,3,0,4,0,102,17.1,5,.233,.339,.418,.333,105,.241,109,2.3,3.94,12,5,7.0,-0.4
132439,Miguel Carrasco,126,122,518,456,115,73,18,2,22,66,66,56,10.8,0,4,0,2,0,89,17.2,14,.252,.338,.445,.342,113,.268,117,3.6,3.86,1,0,10.5,-0.8
127073,Gabe Carrillo,127,117,504,462,120,88,20,0,12,47,48,38,7.5,3,1,0,3,0,59,11.7,13,.260,.315,.381,.303,88,.274,86,1.8,3.45,1,1,-7.9,-3.1
133564,Jack Carter,128,121,535,470,138,103,18,1,16,67,72,56,10.5,1,7,0,2,0,86,16.1,15,.294,.376,.438,.358,121,.330,125,2.2,3.56,12,9,15.9,-2.2
128599,Peter Carter,132,114,467,421,108,78,19,2,9,47,50,37,7.9,1,3,0,6,0,69,14.8,10,.257,.317,.375,.303,93,.284,92,1.0,3.52,2,3,-4.3,-1.5
125854,Chad Carver,124,86,402,368,93,62,23,0,8,46,35,27,6.7,1,1,0,6,0,39,9.7,8,.253,.301,.380,.295,86,.260,85,-0.1,3.50,0,0,-7.0,1.3
119893,Tom Carver,148,148,652,546,144,87,33,0,24,96,86,92,14.1,4,7,0,7,0,123,18.9,13,.264,.373,.456,.358,129,.296,127,2.4,3.96,8,8,21.2,-2.5
133484,Juan Jose Castillo,80,72,317,292,75,50,12,0,13,49,44,21,6.6,0,0,0,4,0,50,15.8,6,.257,.303,.432,.317,96,.266,96,0.1,3.60,1,0,-1.3,0.6
134657,Steve Catron,81,79,298,270,64,46,12,0,6,28,19,22,7.4,1,3,0,3,0,56,18.8,6,.237,.299,.348,.285,77,.275,75,0.9,3.65,0,0,-8.7,-3.7
130924,Jimmy Caufiel,124,122,516,461,122,80,19,1,22,78,53,44,8.5,1,3,0,8,0,85,16.5,15,.265,.328,.453,.335,111,.276,112,3.8,3.61,0,0,7.4,-4.0
126902,Peter Cayonez,58,49,211,195,54,37,7,3,7,29,24,14,6.6,1,0,0,2,0,44,20.9,5,.277,.322,.451,.330,111,.322,107,1.1,3.71,11,2,1.8,0.6
135497,Alberto Chávez,62,21,112,105,20,19,1,0,0,5,12,4,3.6,0,2,2,1,0,27,24.1,3,.190,.232,.200,.199,24,.253,21,-0.5,3.46,16,3,-10.4,0.4
120063,B.J. Clark,156,150,660,572,153,94,26,0,33,116,75,69,10.5,4,12,0,7,0,112,17.0,15,.267,.355,.486,.359,132,.276,130,3.3,3.63,0,0,23.9,-2.3
125719,Richie Clark,153,144,650,586,180,104,29,2,45,121,96,46,7.1,1,9,0,9,0,77,11.8,15,.307,.362,.594,.401,158,.285,158,6.5,3.66,5,4,45.4,-2.1
134932,Nick Clev,125,124,475,425,83,67,10,0,6,41,41,44,9.3,0,1,2,5,0,65,13.7,14,.195,.269,.261,.243,47,.214,49,-0.5,3.60,1,1,-28.7,0.6
126231,John Clines,144,136,589,527,140,90,22,1,27,92,68,52,8.8,1,3,0,7,0,110,18.7,9,.266,.331,.465,.342,116,.285,115,3.5,3.75,2,2,10.6,-0.3
129607,Geoff Coleman,151,139,632,514,130,78,24,4,24,77,97,106,16.8,5,8,0,4,0,93,14.7,8,.253,.386,.455,.361,125,.264,127,3.8,3.90,1,2,20.4,-1.4
129971,Walt Coleman,122,117,442,404,74,60,10,0,4,39,42,32,7.2,0,2,4,4,0,125,28.3,6,.183,.244,.238,.221,36,.251,35,0.1,3.85,4,1,-34.0,2.7
121911,Ryan Collins,103,75,300,257,47,30,10,3,4,26,34,37,12.3,1,5,3,1,0,65,21.7,2,.183,.297,.292,.269,65,.228,68,0.5,4.08,18,2,-11.3,-0.7
129150,Dave Colquitt,89,83,370,336,100,73,17,5,5,27,51,33,8.9,0,1,3,0,0,48,13.0,11,.298,.362,.423,.345,117,.336,118,2.0,3.58,23,8,8.0,-0.5
133982,Bobby Cook,140,137,580,514,126,78,24,1,23,56,69,64,11.0,1,0,0,2,0,145,25.0,19,.245,.328,.430,.330,110,.296,110,2.4,3.94,16,4,7.2,1.3
121169,Hugh Cooper,50,19,111,98,28,16,9,0,3,11,13,9,8.1,0,4,2,0,0,13,11.7,3,.286,.369,.469,.367,129,.305,134,0.6,3.69,0,0,4.5,0.4
126064,Jeff Cooper,45,35,129,115,27,18,3,0,6,20,15,12,9.3,0,0,7,2,0,20,15.5,9,.235,.302,.417,.312,98,.231,97,0.3,3.61,0,0,-0.4,-0.6
120893,Alfonso Correa,149,143,579,517,117,82,24,1,10,56,53,52,9.0,3,8,0,2,0,148,25.6,14,.226,.306,.335,.284,80,.296,79,1.0,3.86,0,1,-14.2,-1.6
136161,Fortunato Corvo,62,57,233,223,56,42,8,0,6,29,27,9,3.9,0,0,0,1,0,40,17.2,4,.251,.279,.368,.282,79,.281,77,-0.7,3.61,2,2,-6.3,-0.3
128003,Mark Cox,131,121,519,478,111,60,13,0,38,72,58,36,6.9,2,2,0,3,0,104,20.0,11,.232,.287,.498,.331,110,.215,107,2.2,3.65,0,0,4.6,0.3
132779,Gil Cummins,112,110,459,405,112,70,26,1,15,63,54,43,9.4,1,5,0,6,0,86,18.7,8,.277,.349,.457,.347,126,.313,123,2.1,3.86,1,1,12.8,-3.3
127267,Roger Dai,156,156,679,620,146,92,19,1,34,110,77,49,7.2,0,2,0,8,1,115,16.9,11,.235,.290,.434,.311,98,.234,97,-0.1,3.70,6,7,-2.0,-3.5
129930,Joe Davanon,150,147,578,512,116,71,29,4,12,76,61,54,9.3,6,8,0,4,0,86,14.9,11,.227,.308,.369,.293,93,.249,86,2.3,3.58,25,2,-9.1,2.0
128695,Brian Davidson,72,63,249,231,51,38,10,0,3,21,23,12,4.8,1,4,2,2,0,48,19.3,9,.221,.269,.303,.252,57,.264,55,-0.3,3.53,1,1,-13.1,-3.5
131301,Tom Davis,93,71,327,283,92,67,12,1,12,44,43,37,11.3,0,4,0,3,0,43,13.1,5,.325,.407,.502,.395,148,.346,152,3.4,3.76,5,3,20.0,-0.9
132209,Daniel Dawson,119,117,436,401,88,70,16,0,2,34,28,26,6.0,5,2,0,7,0,57,13.1,13,.219,.266,.274,.234,50,.246,43,-0.2,3.48,0,0,-29.2,0.1
131408,Dale De La Cruz,134,131,581,526,140,91,21,4,24,74,70,46,7.9,2,4,0,5,0,97,16.7,19,.266,.327,.458,.337,113,.283,111,0.7,3.82,0,1,7.9,-3.4
128216,Jermaine Dege,152,146,599,522,159,105,37,3,14,67,75,72,12.0,7,3,1,2,0,80,13.4,11,.305,.391,.467,.367,143,.337,137,5.6,3.76,19,7,26.9,2.1
133757,Blair Delaney,38,27,118,110,28,17,8,0,3,13,20,6,5.1,0,0,1,2,0,22,18.6,3,.255,.288,.409,.300,92,.287,89,-0.1,3.90,7,2,-1.5,-0.2
129694,Anastasio Delgado,125,120,503,440,114,81,14,0,19,66,65,52,10.3,0,3,0,8,0,51,10.1,14,.259,.336,.420,.331,104,.251,106,0.2,3.71,9,7,3.8,0.7
123972,Barrett Dobson,147,144,687,572,136,84,33,4,15,46,86,103,15.0,3,11,0,1,1,127,18.5,11,.238,.364,.388,.335,111,.281,114,4.9,4.03,7,5,11.7,1.6
128221,Thomas Dupré,148,147,666,564,164,97,25,2,40,100,123,92,13.8,1,6,0,4,0,173,26.0,11,.291,.393,.555,.404,156,.349,159,6.5,4.01,35,9,47.2,1.1
131262,Freddie Durden,106,88,384,341,101,73,11,0,17,43,54,35,9.1,1,7,0,1,0,64,16.7,10,.296,.372,.478,.366,131,.322,131,2.4,3.62,5,1,14.7,-0.5
132669,Rafael Durán,154,150,676,601,146,78,24,1,43,105,87,65,9.6,3,5,0,5,0,174,25.7,9,.243,.320,.501,.347,115,.265,118,2.7,3.83,0,0,14.9,-1.1
125168,Buddy Elliott,127,90,418,378,98,62,20,4,12,44,46,36,8.6,0,3,0,1,0,70,16.7,9,.259,.328,.429,.327,102,.290,103,2.4,3.76,20,4,1.7,0.4
133086,Aloyoshenka Elovikov,71,64,243,223,44,25,14,0,5,33,22,16,6.6,0,1,0,3,1,32,13.2,6,.197,.251,.327,.254,58,.206,57,-0.5,3.39,2,1,-12.3,-2.2
132520,José Elías,34,32,123,117,26,21,4,0,1,15,8,4,3.3,0,1,0,1,0,33,26.8,2,.222,.252,.282,.237,55,.298,50,0.1,3.69,0,0,-7.3,-2.4
124079,Don Evans,57,7,81,72,21,13,4,0,4,21,10,8,9.9,1,0,0,1,0,23,28.4,1,.292,.358,.514,.364,139,.370,133,0.4,3.73,0,0,3.3,-1.5
124703,Randy Faulkner,142,129,524,495,111,78,18,0,15,50,49,22,4.2,0,6,0,1,0,109,20.8,3,.224,.265,.352,.271,78,.258,73,2.1,3.69,35,5,-16.7,2.0
131996,Luis Fernández,31,17,85,78,22,12,8,1,1,10,15,7,8.2,0,0,0,0,0,7,8.2,3,.282,.341,.449,.343,114,.300,115,0.3,3.75,0,0,1.6,-0.1
120879,Johnny Fleming,45,45,173,164,34,26,5,0,3,20,16,4,2.3,0,3,1,2,0,14,8.1,7,.207,.237,.293,.233,47,.208,43,-0.4,3.20,0,0,-11.5,0.9
127822,Jordan Fowler,96,67,285,266,69,48,7,1,13,44,32,16,5.6,0,0,0,3,0,43,15.1,8,.259,.298,.440,.317,100,.263,98,0.3,3.52,1,1,-0.6,0.1
136683,Octávio Fuentes,130,113,522,450,130,95,25,1,9,50,62,62,11.9,3,6,0,4,0,53,10.2,7,.289,.379,.409,.346,118,.309,119,2.3,3.83,0,0,11.6,-1.0
124599,Tasuku Fujihara,135,122,557,480,119,82,21,0,16,59,67,68,12.2,6,7,0,2,0,115,20.6,12,.248,.348,.392,.323,104,.293,102,1.7,3.89,13,1,1.6,-2.4
125958,Julien Garcia,111,73,371,331,76,56,11,2,7,23,45,33,8.9,0,6,0,1,1,67,18.1,1,.230,.310,.338,.291,78,.267,80,0.7,3.68,22,6,-8.7,0.5
123325,Jorge García,117,97,408,374,104,63,19,3,19,59,56,29,7.1,1,0,0,5,0,93,22.8,3,.278,.326,.497,.349,124,.318,121,2.5,3.70,26,3,10.2,0.4
133492,Júlio García,106,87,388,362,100,74,17,0,9,52,41,17,4.4,3,8,0,1,0,37,9.5,8,.276,.322,.398,.311,96,.287,93,1.1,3.55,26,2,-2.8,1.9
128539,Millard García,110,109,449,423,119,98,12,2,7,39,38,22,4.9,0,3,0,1,0,55,12.2,19,.281,.321,.369,.304,87,.309,90,1.2,3.48,0,0,-5.1,-3.9
133183,Rodrigo García,60,46,214,198,49,36,10,0,3,21,27,16,7.5,0,0,0,0,0,29,13.6,8,.247,.304,.343,.288,77,.277,79,0.0,3.58,11,1,-5.2,1.9
131000,Víctor Germán,152,148,671,592,178,117,36,1,24,76,100,74,11.0,1,1,0,4,1,91,13.6,13,.301,.377,.486,.373,136,.320,139,5.4,3.75,7,1,31.1,1.2
124279,Gerard Gibson,124,111,473,410,107,65,17,1,24,64,60,56,11.8,4,3,0,4,0,115,24.3,4,.261,.351,.483,.351,120,.302,119,1.0,3.85,2,2,10.9,0.8
128184,Ken Gibson,155,152,700,645,186,113,34,3,36,79,110,42,6.0,0,11,0,2,0,126,18.0,9,.288,.341,.518,.368,131,.309,135,3.8,3.56,17,5,29.4,-3.1
123103,Ollie Gill,70,61,256,214,49,34,10,2,3,24,20,39,15.2,0,2,1,1,0,30,11.7,5,.229,.352,.336,.314,96,.253,100,0.3,4.14,0,0,0.3,-2.7
133894,Jim Ginsberg,152,149,652,586,145,98,25,0,22,66,82,56,8.6,2,3,0,7,0,56,8.6,8,.247,.313,.403,.311,98,.239,96,0.8,3.49,27,2,-2.5,-1.8
128479,Roberto Gonzáles,144,141,671,594,185,112,31,5,37,95,113,72,10.7,1,2,0,3,0,120,17.9,8,.311,.386,.567,.405,162,.336,162,6.5,3.87,42,16,49.8,-2.8
123724,Martín González,111,109,486,425,120,79,24,2,15,59,60,52,10.7,4,5,0,4,0,68,14.0,7,.282,.364,.454,.348,118,.303,117,2.1,3.78,7,5,10.3,-4.1
126357,Clint Gorman,131,126,546,473,121,55,28,2,36,93,86,65,11.9,1,5,0,3,0,167,30.6,15,.256,.350,.552,.381,144,.311,144,3.4,4.09,1,0,29.1,1.6
126498,Kent Gould,87,80,334,299,63,38,15,1,9,30,40,32,9.6,0,1,1,2,0,127,38.0,3,.211,.287,.358,.285,77,.327,78,0.5,3.97,3,2,-8.5,0.1
130869,Chris Graham,91,81,345,318,78,56,10,1,11,31,36,25,7.2,1,0,0,2,0,45,13.0,12,.245,.299,.387,.298,93,.254,89,-0.6,3.61,0,1,-4.2,-0.8
128405,Pat Graves,144,117,491,443,97,63,20,0,14,49,54,40,8.1,1,5,1,3,0,89,18.1,15,.219,.289,.359,.285,80,.242,79,1.3,3.71,16,5,-11.7,0.9
128346,Atro Green,124,117,535,490,118,65,33,2,18,62,76,34,6.4,0,7,0,4,1,63,11.8,6,.241,.297,.427,.313,96,.242,97,2.6,3.54,38,3,-1.7,1.9
127010,Ron Gregory,121,78,382,341,89,60,11,0,18,57,42,38,9.9,3,0,0,3,0,77,20.2,12,.261,.332,.452,.335,113,.285,110,0.9,3.74,0,0,4.6,-3.0
120238,Roy Griffin,126,118,526,465,104,73,14,0,17,55,63,55,10.5,0,1,0,5,0,97,18.4,4,.224,.304,.363,.296,94,.244,90,-0.2,3.83,21,4,-5.7,-1.0
125832,Máximo Guzmán,146,145,653,581,162,98,22,3,39,127,104,56,8.6,9,9,0,7,0,82,12.6,15,.279,.348,.528,.364,136,.263,131,4.3,3.51,15,2,24.7,0.3
123310,Carlos Gálvez,123,123,484,407,88,52,11,1,24,75,64,73,15.1,0,1,0,3,0,106,21.9,8,.216,.335,.425,.334,120,.229,117,3.7,4.10,0,0,9.8,-0.4
128963,Gilbert Haas,70,69,248,226,36,20,3,0,13,29,28,19,7.7,0,3,0,0,0,78,31.5,5,.159,.234,.345,.255,57,.170,54,0.9,3.92,0,0,-13.1,-0.1
133079,Earnest Hamilton,126,126,513,478,132,90,22,4,16,56,67,29,5.7,1,3,1,3,0,73,14.2,12,.276,.320,.439,.327,107,.296,105,0.9,3.54,16,4,3.2,2.0
121357,Frank Hampton,147,146,658,605,128,92,23,4,9,32,64,48,7.3,1,2,6,3,0,109,16.6,3,.212,.271,.307,.257,59,.243,59,0.2,3.62,38,7,-32.0,2.6
125199,Doug Hanson,63,22,127,108,24,16,8,0,0,9,21,15,11.8,1,3,1,1,0,25,19.7,0,.222,.331,.296,.284,74,.286,75,-0.2,3.81,5,2,-3.7,0.1
126283,Mike Harper,65,64,241,226,61,47,10,0,4,26,21,13,5.4,0,0,3,2,1,22,9.1,5,.270,.307,.367,.296,86,.282,86,-0.0,3.38,1,0,-3.9,-1.4
133432,Johnathan Harris,142,137,621,482,148,108,24,5,11,67,121,122,19.6,4,11,0,6,0,62,10.0,10,.307,.452,.446,.394,144,.330,150,7.9,4.15,58,8,37.2,3.3
125029,Robert Harris,149,144,622,565,159,107,30,2,20,87,72,48,7.7,4,6,0,3,0,101,16.2,16,.281,.342,.448,.338,121,.311,120,1.4,3.66,0,0,13.7,-3.4
126506,Jeff Hawkins,51,33,136,122,26,19,3,0,4,7,9,12,8.8,0,2,0,0,0,46,33.8,1,.213,.294,.336,.283,74,.306,77,0.1,3.84,0,0,-3.7,-0.9
127714,Michael Heath,116,115,498,457,130,77,34,0,19,64,58,36,7.2,2,3,0,2,0,79,15.9,8,.284,.339,.484,.351,135,.307,132,1.7,3.67,0,0,17.5,-3.6
136055,Armando Hernández,109,104,462,389,99,39,13,2,45,105,94,67,14.5,15,4,0,2,0,159,34.4,4,.254,.368,.645,.399,172,.289,156,4.4,4.05,1,0,31.1,-1.7
136115,Valentín Hernández,159,156,738,631,167,94,31,2,40,107,124,93,12.6,4,11,0,3,0,141,19.1,13,.265,.367,.510,.374,132,.280,137,4.0,3.87,1,1,32.7,0.2
131065,Andrew Herrell,65,37,162,154,31,20,7,2,2,13,9,5,3.1,0,1,0,2,0,39,24.1,5,.201,.228,.312,.234,47,.252,42,-0.9,3.77,0,2,-11.0,-0.3
124380,Bryan Hill,63,62,236,223,56,45,6,1,4,22,19,4,1.7,0,9,3,0,0,54,22.9,4,.251,.292,.341,.281,73,.315,72,0.4,3.35,0,0,-7.5,-0.6
133343,Jeffery Hill,119,110,483,418,86,48,16,3,19,50,63,60,12.4,3,4,0,1,0,83,17.2,4,.206,.311,.395,.307,104,.211,98,1.7,3.78,0,0,-0.8,3.3
128418,Tony Hilliard,126,122,556,470,147,106,28,4,9,65,93,77,13.8,1,2,1,7,0,71,12.8,6,.313,.406,.447,.374,137,.348,138,5.7,3.94,68,10,25.2,1.0
120871,Jerry Hinojosa,80,64,294,262,53,35,14,0,4,23,36,32,10.9,1,0,0,0,0,52,17.7,2,.202,.289,.302,.266,62,.238,64,-1.1,3.80,1,0,-12.3,1.8
120774,Jonathan Holmes,34,24,105,91,23,16,7,0,0,8,11,9,8.6,1,2,0,3,0,17,16.2,1,.253,.324,.330,.285,80,.299,77,0.1,3.53,10,3,-2.8,1.0
126891,Dennis Hood,112,57,326,276,65,51,8,0,6,38,44,45,13.8,1,2,0,3,0,33,10.1,4,.236,.344,.330,.305,88,.246,92,1.0,3.86,22,1,-3.0,1.3
134275,Matt House,156,145,670,583,163,102,30,4,27,96,104,76,11.3,1,3,0,8,0,132,19.7,14,.280,.361,.484,.363,130,.315,131,5.4,3.82,15,8,25.4,3.2
129355,Yuan Huang,145,145,672,566,138,94,16,2,26,64,98,100,14.9,1,3,1,3,0,104,15.5,10,.244,.359,.417,.343,112,.255,117,5.8,3.99,75,11,14.0,2.3
124238,Matt Hubbard,82,81,364,322,108,65,20,1,22,58,69,34,9.3,3,6,0,2,0,52,14.3,3,.335,.407,.609,.424,181,.344,184,5.8,3.51,35,6,33.2,2.2
130260,Dennis Hughes,45,45,172,158,32,20,7,0,5,17,15,7,4.1,0,4,1,3,0,37,21.5,2,.203,.250,.342,.258,60,.227,59,0.6,3.66,0,0,-8.3,-0.6
122585,Ken Hunt,130,124,439,416,93,73,16,0,4,40,36,8,1.8,0,12,5,3,0,68,15.5,17,.224,.257,.291,.244,52,.256,50,0.3,3.21,1,0,-25.6,-1.4
126121,Mike Jackson,92,91,393,337,96,67,16,0,13,43,46,54,13.7,2,1,0,1,0,42,10.7,7,.285,.384,.448,.363,135,.293,134,2.6,3.74,2,3,16.1,-0.5
132152,Danny Jacobs,120,116,538,470,110,65,22,3,20,53,78,64,11.9,3,4,1,0,0,106,19.7,9,.234,.331,.421,.327,109,.262,108,3.0,3.85,36,6,5.6,-1.2
123637,Ralph Johnston,146,143,667,573,134,97,20,3,14,64,114,80,12.0,2,8,2,6,0,134,20.1,5,.234,.333,.353,.306,92,.278,94,3.8,3.88,74,10,-4.6,2.6
129024,Weston Johnston,132,124,528,480,130,82,24,0,24,76,71,44,8.3,0,2,0,2,0,92,17.4,10,.271,.333,.471,.347,119,.290,121,1.6,3.62,1,1,13.7,-5.5
132312,Martin Johnstone Jr.,87,81,309,288,73,59,9,1,4,26,32,18,5.8,0,3,3,0,0,59,19.1,12,.253,.304,.333,.285,78,.307,79,2.0,3.73,0,0,-7.6,0.2
131587,Al Johnstoune,147,146,649,543,121,95,22,3,1,36,69,101,15.6,4,1,3,4,0,106,16.3,2,.223,.344,.280,.288,79,.273,82,0.4,3.99,60,16,-13.5,-0.0
126246,Otis Jones,120,117,470,417,98,62,18,2,16,58,43,48,10.2,0,2,2,3,0,125,26.6,17,.235,.315,.403,.315,96,.294,96,2.7,3.83,1,0,-1.8,-2.2
134872,Stewart Jones,149,141,623,578,168,115,25,3,25,97,78,37,5.9,2,3,0,5,0,79,12.7,11,.291,.334,.474,.345,122,.299,120,3.2,3.53,0,0,15.5,-7.1
134510,Weldon Jones,144,144,651,521,123,76,29,1,17,81,83,115,17.7,2,9,0,6,0,107,16.4,18,.236,.379,.393,.346,113,.263,119,2.6,3.94,1,0,15.0,-4.6
133574,Naim Kalaj,65,44,199,175,43,24,7,1,11,36,25,24,12.1,0,0,0,0,0,58,29.1,6,.246,.337,.486,.355,122,.302,126,0.5,4.01,2,0,6.2,0.3
136066,Hayden Keevil,150,139,627,535,156,88,24,5,39,100,97,85,13.6,8,3,0,4,0,119,19.0,9,.292,.389,.574,.400,164,.307,158,6.6,3.95,50,5,43.7,2.2
132153,Danny Keith Jr.,83,81,359,278,66,40,14,0,12,36,53,73,20.3,1,7,0,1,0,89,24.8,3,.237,.407,.417,.369,135,.303,138,2.3,4.21,4,1,16.6,0.4
119918,Ray Kendrick,1,,1,1,0,0,0,0,0,0,0,0,0.0,0,0,0,0,0,0,0.0,0,.000,.000,.000,.000,-100,.000,-118,-0.0,1.00,0,0,-0.3,0.0
136401,Seong-ho Kim,145,138,599,497,149,115,27,2,5,48,73,96,16.0,4,5,3,1,0,64,10.7,7,.300,.417,.392,.362,122,.336,128,3.5,3.83,6,4,19.7,1.4
126894,Brandon King,41,40,142,135,31,22,3,0,6,17,12,6,4.2,0,1,3,0,0,35,24.6,6,.230,.268,.385,.284,77,.266,77,0.6,3.67,0,1,-3.8,0.2
136437,Jeff Kodde,146,138,630,539,123,91,25,2,5,41,79,85,13.5,3,3,1,3,0,73,11.6,7,.228,.335,.310,.293,82,.254,84,0.2,4.04,55,6,-11.4,1.6
134054,Judd Krause,122,117,522,464,115,77,14,0,24,76,61,52,10.0,3,1,4,5,0,56,10.7,12,.248,.322,.433,.324,106,.234,105,1.3,3.54,13,4,3.4,-2.1
128185,Robert Krause,77,30,163,145,38,27,10,0,1,17,10,17,10.4,1,0,1,1,0,34,20.9,5,.262,.337,.352,.304,88,.333,88,0.1,3.82,1,0,-2.3,-1.0
127446,Billy Lane,160,160,696,598,146,98,28,1,19,70,67,90,12.9,2,0,0,8,0,90,12.9,13,.244,.339,.390,.321,101,.256,103,0.5,3.84,2,2,2.6,-1.9
126496,Dan Larkin,134,129,576,506,151,88,25,0,38,82,86,65,11.3,4,3,0,2,0,86,14.9,12,.298,.380,.573,.401,155,.294,156,5.3,3.76,4,9,39.0,0.8
126546,Michael Larson,42,39,154,144,23,19,1,0,3,7,16,9,5.8,0,1,0,0,0,51,33.1,7,.160,.214,.229,.202,21,.222,20,-0.8,3.94,0,0,-14.5,-2.2
119995,Sébastien Lecoq,136,130,555,509,117,71,25,5,16,65,57,40,7.2,1,4,0,2,0,128,23.1,18,.230,.290,.393,.297,86,.275,86,0.1,3.77,0,3,-9.1,-0.9
126866,Gary Lewis,147,147,641,528,148,76,27,5,40,111,110,101,15.8,9,11,0,1,0,182,28.4,6,.280,.406,.578,.409,182,.352,168,7.2,4.16,0,0,52.4,2.7
120912,Paco León,153,147,654,563,133,97,26,0,10,46,67,77,11.8,1,9,0,5,0,79,12.1,8,.236,.335,.336,.303,89,.257,92,-0.3,3.73,13,7,-6.0,1.5
135107,Rod Little,155,154,662,524,135,96,20,0,19,58,79,130,19.6,3,3,0,5,0,108,16.3,10,.258,.405,.405,.361,118,.289,128,3.6,4.01,0,0,22.3,-3.2
120662,Jeremy Lucas,155,155,675,608,159,109,38,0,12,86,78,57,8.4,7,4,0,6,0,104,15.4,21,.262,.326,.383,.305,94,.295,91,0.3,3.74,3,1,-6.6,-0.8
129796,Javier Luna,57,40,169,143,30,22,4,0,4,17,14,22,13.0,1,1,0,3,0,44,26.0,4,.210,.314,.322,.284,78,.265,78,0.5,3.82,3,0,-4.3,0.1
132510,Bill Lynch,154,148,616,552,144,88,31,4,21,82,80,56,9.1,7,4,0,4,0,103,16.7,4,.261,.331,.446,.329,111,.285,106,0.3,3.66,5,3,4.6,1.8
131299,Enrique López,101,98,378,344,73,53,11,0,9,39,39,30,7.9,0,1,0,3,0,109,28.8,6,.212,.275,.323,.266,65,.279,62,0.1,3.73,2,2,-16.4,-2.2
136730,Javier López,149,146,650,578,197,144,28,1,24,86,85,58,8.9,5,10,0,4,0,85,13.1,15,.341,.408,.517,.392,150,.366,149,4.4,3.56,1,0,38.7,-10.2
131186,Juan Jose López,59,57,209,193,52,43,5,0,4,21,15,12,5.7,0,1,2,3,0,43,20.6,3,.269,.311,.358,.292,81,.322,79,0.8,3.67,0,0,-5.2,-0.5
126279,Alec MacGruder,88,78,345,298,92,75,6,2,9,35,41,39,11.3,0,6,0,2,0,68,19.7,9,.309,.397,.433,.368,126,.372,132,1.4,3.83,1,0,13.2,-3.8
125984,Jeff MacIntyre,146,145,658,561,175,115,18,3,39,90,113,87,13.2,5,7,0,3,0,85,12.9,18,.312,.409,.563,.411,169,.309,166,7.3,3.81,17,8,51.9,1.4
133728,César Macías,102,94,386,345,90,69,11,2,8,41,43,38,9.8,1,0,2,3,0,67,17.4,9,.261,.332,.374,.311,98,.300,98,1.3,3.66,32,4,-0.9,0.9
131088,Ron Madden,92,89,355,331,70,42,18,0,10,46,30,14,3.9,0,2,0,8,0,56,15.8,12,.211,.242,.356,.257,58,.220,56,0.4,3.46,0,0,-18.4,-2.1
128323,David Mann,150,140,641,559,140,82,29,5,24,66,96,76,11.9,2,3,0,3,0,92,14.4,7,.250,.342,.449,.342,123,.260,120,5.2,4.03,52,7,15.6,2.2
124793,Gary Mansel,150,146,622,564,157,114,21,2,20,91,65,45,7.2,2,7,0,6,0,90,14.5,16,.278,.336,.429,.331,115,.298,112,3.5,3.60,0,0,9.2,-3.7
129801,Whit Marshall,63,53,206,190,36,29,7,0,0,22,14,13,6.3,2,0,1,3,0,36,17.5,8,.189,.238,.226,.204,33,.229,25,-1.2,3.71,0,0,-18.2,-1.3
135952,Guillermo Martínez,70,66,286,249,71,51,13,2,5,37,38,34,11.9,0,0,0,3,0,55,19.2,8,.285,.367,.414,.344,103,.344,113,0.8,3.90,10,4,4.6,1.9
126095,Manuel Martínez,100,98,432,416,110,71,19,2,18,60,48,13,3.0,2,2,0,1,0,79,18.3,3,.264,.289,.450,.314,101,.287,96,1.3,3.48,1,3,-1.8,-0.5
128976,Tom Martínez,99,65,330,299,75,47,10,6,12,32,34,27,8.2,3,3,0,1,0,45,13.6,10,.251,.318,.445,.324,104,.259,101,0.8,3.50,4,3,0.6,-1.6
124489,John McAllister,139,136,595,539,164,98,33,3,30,93,91,45,7.6,2,8,0,3,0,71,11.9,13,.304,.365,.544,.386,148,.304,147,2.7,3.59,0,0,32.7,-4.3
121413,Ralph McCoy,62,62,270,236,47,30,9,0,8,28,30,27,10.0,0,4,0,3,0,29,10.7,11,.199,.289,.339,.281,75,.193,76,-0.1,3.76,6,2,-7.5,-0.6
126226,Jack McCray,135,135,591,514,141,97,23,2,19,75,87,65,11.0,1,7,0,5,0,101,17.1,11,.274,.360,.438,.349,118,.306,120,2.3,3.92,1,0,14.0,-2.4
126467,Bobby McGeehan,132,132,582,519,131,85,26,3,17,81,61,56,9.6,4,0,0,7,0,126,21.6,4,.252,.321,.412,.315,107,.298,101,0.7,3.62,1,0,1.1,0.0
128195,John McGowan,155,154,669,597,184,106,28,3,47,114,105,65,9.7,3,2,0,5,0,49,7.3,21,.308,.375,.601,.409,162,.271,163,6.5,3.71,3,0,50.5,-0.5
132448,Caleb McKee,98,59,292,250,53,32,13,2,6,28,36,37,12.7,2,1,0,4,0,55,18.8,6,.212,.312,.352,.291,82,.244,79,-0.2,3.79,12,3,-6.8,2.3
127385,Archie McWilliam,86,70,276,262,55,31,14,0,10,30,28,13,4.7,1,1,0,0,0,64,23.2,9,.210,.250,.378,.269,73,.239,69,0.1,3.71,2,0,-10.2,-1.3
134493,Johnny Mejía,92,87,356,314,85,48,19,0,18,69,38,34,9.6,0,3,0,5,1,55,15.4,8,.271,.343,.503,.361,135,.272,137,2.8,3.79,0,0,14.4,-3.1
136551,Carlos Mendoza,107,105,442,394,117,79,21,1,16,50,59,44,10.0,3,2,0,2,0,76,17.2,18,.297,.369,.477,.363,135,.332,133,3.4,3.73,0,0,17.5,-3.0
126859,Craig Miller,88,87,371,333,82,56,15,0,11,38,34,33,8.9,1,4,0,1,0,44,11.9,12,.246,.321,.390,.312,95,.254,97,0.0,3.72,1,4,-1.2,-4.4
129854,Kenny Miller,108,107,392,372,76,60,12,2,2,18,25,17,4.3,0,2,4,1,0,54,13.8,12,.204,.242,.263,.226,40,.233,34,-0.4,3.62,2,1,-29.9,0.1
129815,Matt Miller,120,76,362,302,60,54,4,0,2,24,29,50,13.8,2,7,1,3,0,35,9.7,11,.199,.323,.232,.264,58,.216,64,-1.7,3.89,6,2,-15.3,0.2
129165,Mike Miller,120,89,418,375,88,52,12,2,22,63,55,33,7.9,0,3,0,7,0,105,25.1,8,.235,.297,.453,.321,111,.259,106,0.7,3.89,7,2,3.0,0.3
134609,Jeff Milton,88,82,337,308,76,55,14,1,6,31,36,21,6.2,0,5,6,3,0,45,13.4,13,.247,.303,.357,.289,78,.269,77,0.8,3.42,0,0,-9.2,-0.9
126785,Brad Minchey,100,79,336,299,69,46,20,0,3,35,32,27,8.0,1,4,7,6,0,51,15.2,1,.231,.298,.328,.276,72,.263,72,0.5,3.69,14,5,-11.1,0.9
123369,Mike Minor,116,115,483,411,105,66,26,1,12,48,52,62,12.8,0,8,1,2,0,94,19.5,8,.255,.362,.411,.344,117,.303,120,1.0,4.06,3,2,11.8,-2.0
126664,Will Mitchell,134,77,379,339,90,56,21,3,10,50,50,32,8.4,2,5,0,3,0,50,13.2,5,.265,.335,.434,.331,118,.284,113,1.4,3.50,1,0,5.9,2.0
127495,Matt Mollenhau,57,30,146,132,29,18,3,0,8,21,20,13,8.9,1,1,0,0,0,53,36.3,4,.220,.295,.424,.308,98,.296,95,-0.0,3.83,0,0,-0.7,-0.9
126266,Terry Moody,80,61,286,254,58,40,9,0,9,41,32,28,9.8,5,0,1,4,0,58,20.3,3,.228,.301,.370,.283,83,.257,76,0.2,3.63,6,3,-8.0,1.1
120820,Andrew Moore,152,146,651,558,131,92,33,1,5,47,93,81,12.4,6,6,0,6,0,57,8.8,7,.235,.335,.324,.294,83,.251,84,0.8,3.64,49,4,-12.3,1.4
127401,Ernest Moore,41,40,151,130,24,13,3,0,8,19,18,17,11.3,0,1,0,3,0,27,17.9,5,.185,.278,.392,.292,81,.163,82,0.5,3.83,0,0,-3.1,-0.2
125784,John Moran,162,162,734,647,168,104,31,1,32,147,107,73,9.9,0,5,0,9,0,73,9.9,14,.260,.335,.459,.343,120,.247,119,2.4,3.77,19,7,17.2,0.1
129564,Micheal Moran,113,111,391,353,56,41,13,0,2,33,29,29,7.4,0,1,3,8,0,102,26.1,11,.159,.220,.212,.198,24,.210,21,-0.2,3.71,0,0,-36.3,1.1
125744,Gonzalo Moreno,148,147,645,591,157,91,23,3,40,123,102,41,6.4,3,2,0,11,0,109,16.9,10,.266,.310,.518,.346,124,.258,120,5.0,3.54,36,3,16.1,3.8
129174,Jeff Morgan,98,98,377,344,92,61,19,0,12,55,45,21,5.6,0,6,0,6,0,72,19.1,13,.267,.316,.427,.321,109,.301,106,1.9,3.68,4,1,2.8,-1.0
120654,Héctor Morán,152,147,539,508,116,78,23,9,6,49,61,24,4.5,4,2,3,5,0,71,13.2,5,.228,.263,.344,.259,71,.252,62,1.6,3.42,33,8,-23.8,2.7
133638,Bill Munyiga,148,147,622,511,117,66,26,3,22,69,84,104,16.7,5,4,0,3,0,203,32.6,12,.229,.362,.421,.341,114,.329,116,3.5,4.23,7,2,12.2,2.4
133615,Trent Murray,138,127,555,497,126,75,24,3,24,76,67,53,9.5,2,3,0,2,0,104,18.7,8,.254,.328,.459,.338,114,.275,114,2.1,3.83,0,0,9.7,-1.6
133663,Rubén Muñóz,104,93,406,380,100,68,20,0,12,49,36,23,5.7,0,1,0,2,0,64,15.8,13,.263,.305,.411,.311,98,.288,97,0.2,3.52,0,0,-1.0,-7.2
127390,Paul Méndez,40,16,94,87,21,18,1,1,1,11,10,4,4.3,0,1,1,2,0,12,12.8,2,.241,.277,.310,.259,64,.263,61,0.1,3.41,3,0,-4.3,0.7
126865,Albert Nava,60,34,176,152,38,28,7,1,2,18,28,23,13.1,0,1,0,0,0,23,13.1,0,.250,.352,.349,.318,98,.283,102,0.5,3.74,8,4,0.6,1.6
123328,Cliff Neal,40,36,140,136,37,26,7,1,3,12,12,4,2.9,0,0,2,0,0,15,10.7,7,.272,.293,.404,.302,90,.288,89,0.1,3.24,0,0,-1.7,-1.4
133867,Steve Nelson,150,150,619,525,100,67,17,0,16,67,61,86,13.9,3,3,0,5,0,145,23.4,18,.190,.305,.314,.280,74,.228,75,-1.9,4.09,1,3,-17.7,-3.5
120410,Merrill Nicholson,150,147,643,596,158,100,31,4,23,74,85,36,5.6,0,3,0,8,0,140,21.8,12,.265,.306,.446,.323,104,.306,104,1.6,3.57,6,4,3.1,5.0
125641,Mathew Nishijima,136,134,580,526,135,101,12,1,21,66,66,48,8.3,0,5,0,1,0,94,16.2,13,.257,.324,.403,.320,99,.277,100,1.4,3.68,6,2,0.2,-3.2
130069,Ray Norris,73,36,194,165,39,28,8,0,3,16,26,24,12.4,0,3,0,2,0,40,20.6,5,.236,.340,.339,.308,88,.290,94,0.8,3.84,7,0,-1.4,-0.1
128602,Dawson O'Flahavan,143,143,565,531,137,91,31,2,13,60,57,29,5.1,0,2,0,3,0,130,23.0,9,.258,.297,.397,.302,92,.317,91,2.3,3.68,1,0,-6.0,0.5
135202,Julius O'Herlihy,148,145,593,530,118,78,22,1,17,57,89,60,10.1,1,2,0,1,0,120,20.2,13,.223,.304,.364,.296,85,.256,86,0.2,3.68,49,5,-9.6,2.4
134257,Mike O'Neal,150,142,584,531,123,78,31,4,10,55,61,40,6.8,2,10,0,3,0,93,15.9,15,.232,.296,.362,.288,83,.262,81,0.9,3.56,20,2,-12.6,0.5
134056,Daniel Orozco,121,114,476,398,91,64,14,1,12,51,48,66,13.9,0,9,1,3,0,79,16.6,9,.229,.349,.359,.321,96,.255,103,0.6,4.02,3,2,1.7,0.7
120069,Bart Oswald,143,136,613,544,172,126,27,2,17,69,88,58,9.5,3,6,0,5,0,84,13.7,5,.316,.385,.467,.368,135,.346,134,4.5,3.67,21,12,24.9,1.2
133781,Tony Otness,136,127,553,474,124,78,16,2,28,91,73,63,11.4,1,10,0,6,0,143,25.9,9,.262,.356,.481,.361,126,.311,128,3.7,3.94,6,4,18.1,-2.3
137191,Jesús Pacheco,154,149,644,555,132,70,27,2,33,87,89,69,10.7,3,14,0,6,0,148,23.0,7,.238,.334,.472,.345,123,.261,121,3.3,3.81,21,5,16.1,1.6
125685,Kenneth Padgett,150,148,642,540,162,95,29,7,31,116,94,84,13.1,13,7,0,11,0,93,14.5,2,.300,.394,.552,.388,161,.307,150,5.8,3.83,3,1,38.5,-3.3
127189,Trent Parker,107,97,421,372,83,52,16,2,13,43,54,45,10.7,2,1,0,3,0,69,16.4,10,.223,.306,.382,.300,92,.239,90,0.0,3.67,11,4,-4.8,-1.5
134755,Anthony Parkinson,143,138,593,559,125,83,34,2,6,54,57,22,3.7,0,8,3,4,0,120,20.2,6,.224,.261,.324,.257,62,.272,60,-0.9,3.55,17,6,-28.0,2.2
121918,Mark Parks,71,56,239,202,50,35,10,0,5,18,34,36,15.1,1,0,0,1,0,50,20.9,7,.248,.360,.371,.327,102,.304,106,0.2,3.97,1,0,1.9,0.9
127260,Scott Parks,124,122,484,435,116,70,16,1,29,80,62,44,9.1,1,2,0,3,0,111,22.9,9,.267,.335,.508,.359,128,.292,129,3.8,3.89,1,0,17.0,-2.7
132625,Edward Parsons,125,123,532,492,128,87,30,0,11,59,54,35,6.6,0,5,1,0,1,101,19.0,22,.260,.316,.388,.310,92,.308,93,-0.3,3.74,0,0,-4.3,-2.5
117832,Henry Phillips,152,152,619,533,128,93,20,2,13,68,55,73,11.8,1,9,4,4,0,111,17.9,15,.240,.339,.358,.313,96,.278,99,0.5,3.94,3,0,-0.7,-4.3
124529,Mark Picollo,100,37,201,177,35,24,6,0,5,29,15,17,8.5,0,1,0,6,1,9,4.5,9,.198,.264,.316,.256,68,.178,63,-0.1,3.37,0,0,-8.8,-0.0
123129,Koi Pierah,145,145,622,550,135,76,34,2,23,81,81,65,10.5,0,2,1,5,0,82,13.2,14,.245,.325,.440,.332,112,.249,111,2.0,3.70,8,3,8.8,0.0
122229,Alexis Piquet,151,148,666,597,184,117,37,5,25,84,102,49,7.4,0,16,0,4,0,130,19.5,8,.308,.374,.513,.382,146,.357,146,4.3,3.88,2,4,37.1,0.5
133752,Christian Pitts,65,63,229,215,51,37,9,0,5,25,27,13,5.7,0,1,1,0,0,49,21.4,2,.237,.284,.349,.279,74,.286,74,0.2,3.72,0,0,-6.9,0.2
125052,John Price,82,76,328,294,78,40,15,0,23,62,51,30,9.1,3,0,0,4,0,79,24.1,5,.265,.329,.551,.365,144,.281,135,2.0,3.73,1,0,13.9,0.6
130060,David Pruend,82,67,293,278,70,44,14,0,12,40,33,13,4.4,1,1,1,1,0,78,26.6,5,.252,.287,.432,.307,97,.307,94,0.2,3.72,9,2,-1.8,0.3
131744,David Pérez,152,146,626,573,140,92,17,1,30,75,69,40,6.4,3,11,0,2,0,149,23.8,14,.244,.305,.435,.318,101,.278,101,1.9,3.73,1,1,0.8,-1.8
122064,César Pérez Jr.,149,146,600,575,151,109,17,2,23,67,76,21,3.5,0,1,3,3,0,125,20.8,7,.263,.288,.419,.305,91,.298,91,2.7,3.34,27,5,-5.8,3.3
132133,Luis Ramírez,120,120,565,471,102,73,22,3,4,29,66,84,14.9,0,6,2,4,0,69,12.2,8,.217,.340,.301,.297,78,.244,86,-0.3,3.82,19,1,-9.4,-2.1
128841,Christian Reed,47,46,173,157,37,26,4,1,6,25,17,11,6.4,0,4,1,1,0,46,26.6,3,.236,.301,.389,.303,87,.292,87,0.6,3.61,0,0,-2.5,-4.7
133689,Marc Reilly,121,115,487,446,136,94,27,2,13,62,52,36,7.4,3,3,0,2,0,78,16.0,21,.305,.359,.462,.353,121,.345,121,1.5,3.54,1,0,12.4,-3.5
129078,Juan Reyes,150,146,705,604,172,102,45,7,18,67,116,96,13.6,0,3,0,2,0,127,18.0,4,.285,.384,.472,.374,128,.334,136,5.2,4.00,14,8,30.7,-1.4
121384,Richard Reynolds,162,162,723,611,167,102,32,0,33,103,96,99,13.7,8,9,0,4,0,131,18.1,23,.273,.380,.488,.370,141,.297,137,3.4,3.89,1,2,32.6,-3.3
127631,Joe Richardson,66,45,198,176,43,31,5,0,7,25,20,18,9.1,0,3,0,1,0,37,18.7,4,.244,.323,.392,.316,96,.271,100,0.9,3.74,0,0,0.0,-0.3
126602,Chris Rigney,139,133,597,525,169,105,23,1,40,109,102,61,10.2,1,7,0,4,0,104,17.4,19,.322,.397,.598,.421,169,.335,171,5.7,3.81,6,4,49.6,2.3
122334,Alfonso Rivera,160,159,722,687,203,111,34,0,58,158,113,24,3.3,5,3,0,8,0,103,14.3,17,.295,.319,.598,.379,149,.272,145,4.3,3.31,2,1,38.7,0.4
127523,William Robinson,147,143,619,563,150,106,29,1,14,65,69,48,7.8,0,2,1,6,0,58,9.4,8,.266,.323,.396,.315,103,.274,101,1.2,3.72,10,1,1.4,0.5
134250,Jorge Robles,67,55,234,204,48,26,8,0,14,31,31,27,11.5,0,3,0,0,0,42,17.9,9,.235,.333,.480,.352,115,.230,122,1.2,3.91,11,6,6.1,1.4
128061,Alberto Rodríguez,91,71,330,305,82,47,15,0,20,56,47,20,6.1,2,0,0,5,0,63,19.1,6,.269,.309,.515,.344,119,.273,116,2.5,3.57,0,1,6.3,-2.7
122244,Rodney Rodríguez,39,33,135,128,31,21,9,0,1,14,14,6,4.4,0,1,1,0,0,18,13.3,9,.242,.281,.336,.273,70,.275,70,-0.4,3.36,2,0,-4.7,-0.3
123700,Brennan Rogers,150,145,632,547,155,100,27,1,27,93,92,75,11.9,5,8,0,2,0,124,19.6,12,.283,.377,.484,.369,137,.322,135,2.7,3.81,0,0,26.2,-6.6
121239,Dan Rogers,119,119,457,413,109,82,21,0,6,38,49,36,7.9,0,4,13,4,0,56,12.3,11,.264,.326,.358,.304,89,.290,91,2.1,3.53,0,0,-4.5,-3.9
137244,Carlos Rojas,148,144,618,542,123,79,24,0,20,77,68,64,10.4,2,8,0,4,0,131,21.2,4,.227,.316,.382,.307,95,.261,95,2.2,3.88,12,4,-3.6,0.2
125855,René Rolland,123,122,465,411,87,61,16,0,10,47,38,38,8.2,3,10,0,6,0,72,15.5,15,.212,.290,.324,.271,71,.230,69,1.3,3.62,0,0,-16.7,-0.6
122612,Kelan Romanov,72,48,214,184,39,29,9,0,1,21,17,29,13.6,3,0,3,1,1,34,15.9,1,.212,.318,.277,.267,66,.253,62,-0.5,3.90,4,2,-9.3,-3.0
138005,José Romero,136,135,603,526,123,80,27,5,11,47,72,67,11.1,0,6,5,4,0,104,17.2,4,.234,.325,.367,.308,91,.270,94,2.4,3.81,24,4,-3.9,2.2
128819,Júlio Rosa,151,141,602,507,129,89,28,2,10,58,64,86,14.3,2,2,0,7,0,69,11.5,20,.254,.360,.377,.328,115,.274,112,0.5,3.81,0,1,9.1,-7.2
135204,Joe Rose,117,117,463,407,88,63,18,0,7,45,43,52,11.2,7,1,0,3,1,90,19.4,12,.216,.305,.312,.269,70,.259,64,1.2,3.90,0,0,-19.2,-1.7
121930,Mike Rose,148,148,636,547,163,127,20,4,12,78,70,77,12.1,1,6,0,6,0,77,12.1,8,.298,.387,.415,.355,120,.325,125,3.0,3.80,1,2,19.3,0.8
124571,Walt Rouse,142,135,603,499,142,95,33,2,12,66,99,94,15.6,0,8,0,2,0,86,14.3,9,.285,.405,.431,.372,130,.323,136,2.5,3.99,5,3,25.5,-3.8
125939,Nick Rowland,127,122,517,458,120,76,25,0,19,62,66,44,8.5,2,10,0,5,0,75,14.5,15,.262,.337,.441,.336,119,.274,116,0.4,3.70,2,2,9.9,-1.1
126072,Lou Russell,127,117,484,454,109,75,20,9,5,44,55,22,4.5,3,5,0,3,0,57,11.8,4,.240,.281,.357,.274,73,.263,70,1.4,3.48,37,4,-17.2,0.3
134183,Willis Russell,139,135,614,521,135,91,35,4,5,51,87,81,13.2,0,4,3,8,0,74,12.1,15,.259,.358,.370,.326,103,.289,107,2.5,3.92,54,7,5.1,-3.7
130352,David Rut,103,101,426,376,106,78,16,0,12,42,49,41,9.6,0,6,1,3,0,62,14.6,9,.282,.359,.420,.344,115,.308,119,2.0,3.81,2,1,9.7,-1.3
124414,Terry Rutledge,117,115,459,396,104,72,18,0,14,50,53,60,13.1,5,0,0,3,0,94,20.5,10,.263,.357,.414,.333,112,.309,111,3.3,3.84,0,0,6.2,-5.7
126464,Alfonso Ruíz,119,117,509,441,117,85,17,0,15,68,60,63,12.4,5,1,0,4,0,51,10.0,10,.265,.356,.406,.330,108,.269,108,3.2,3.67,1,1,5.4,0.1
129563,Armando Ríos,124,123,481,412,96,73,8,0,15,54,47,61,12.7,1,6,1,2,0,81,16.8,19,.233,.339,.362,.314,97,.255,100,3.0,4.00,0,0,0.2,-5.2
136665,Katsuhito Sakurai,117,106,463,414,108,83,17,1,7,46,49,46,9.9,1,0,0,3,0,45,9.7,10,.261,.333,.357,.307,91,.277,90,0.1,3.73,0,1,-4.9,-0.2
134007,Héctor Salinas,52,29,138,124,26,15,9,0,2,12,10,10,7.2,0,3,0,1,0,26,18.8,1,.210,.283,.331,.274,67,.247,69,0.2,3.79,5,0,-5.0,-0.1
131382,Amaur Schaefer,117,110,438,380,90,64,18,0,8,35,37,52,11.9,2,4,5,2,0,84,19.2,8,.237,.333,.347,.304,93,.283,93,0.9,4.08,25,3,-3.2,1.4
120383,Christopher Schmitt,92,89,388,354,89,56,17,3,13,58,36,24,6.2,0,4,0,6,0,77,19.8,7,.251,.302,.427,.310,94,.281,91,1.2,3.52,3,0,-3.8,-0.4
122880,Edward Scott,149,145,653,607,179,117,30,0,32,106,77,37,5.7,1,6,0,3,0,80,12.3,23,.295,.340,.502,.361,129,.295,130,3.4,3.57,3,0,23.8,-0.7
128243,Ken Sexton,125,114,522,458,137,81,20,4,32,90,82,47,9.0,3,14,0,3,0,102,19.5,14,.299,.379,.570,.400,153,.321,155,4.2,3.69,17,1,33.5,-0.9
125643,Tim Sharda,118,107,456,392,84,42,23,0,19,46,52,58,12.7,3,4,0,2,0,154,33.8,9,.214,.320,.418,.318,106,.294,106,2.4,4.14,0,0,3.1,0.3
130710,Joel Shaw,110,106,435,402,96,53,28,0,15,56,51,25,5.7,2,4,1,4,0,47,10.8,7,.239,.287,.420,.302,93,.235,90,2.2,3.49,1,1,-5.0,-0.1
128845,John Sheehan,123,119,509,449,119,91,17,0,11,56,55,52,10.2,4,5,0,3,1,49,9.6,8,.265,.346,.376,.317,102,.276,101,0.1,3.79,1,1,1.0,-3.1
135167,Terry Shelton,111,94,407,371,83,52,11,0,20,66,43,34,8.4,4,0,0,2,0,91,22.4,9,.224,.287,.415,.298,94,.240,88,-0.5,3.63,0,0,-5.4,-2.5
132900,Rick Sheppard,145,139,563,524,152,110,38,1,3,41,62,33,5.9,0,1,0,5,0,59,10.5,5,.290,.330,.384,.313,96,.319,95,3.4,3.52,10,3,-3.1,0.1
132564,Hayden Sims,107,107,416,370,92,69,14,1,8,47,36,32,7.7,0,5,1,9,0,105,25.2,9,.249,.310,.357,.294,83,.316,81,0.8,3.68,1,0,-8.8,-3.2
136598,Dobbe Slagboom,59,39,171,153,45,34,5,2,4,25,18,18,10.5,0,0,0,0,0,30,17.5,1,.294,.368,.431,.352,121,.345,123,1.2,3.73,0,0,4.7,0.4
134788,Richard Smith,96,87,363,320,82,55,19,0,8,32,47,39,10.7,0,4,0,0,0,72,19.8,12,.256,.344,.391,.327,105,.308,108,2.3,3.99,0,1,3.8,0.1
120995,Victor Smith,62,52,207,186,37,22,9,2,4,19,24,21,10.1,0,0,0,0,0,45,21.7,4,.199,.280,.333,.274,71,.241,71,-0.1,3.98,14,0,-6.9,0.1
130958,Rubén Soto,44,39,156,133,25,22,2,0,1,11,14,18,11.5,0,3,2,2,0,15,9.6,7,.188,.295,.226,.248,49,.202,54,-0.4,4.03,1,0,-8.4,-0.2
131335,Homer Spencer,143,118,558,493,125,77,29,2,17,63,71,57,10.2,8,1,0,7,0,71,12.7,5,.254,.328,.424,.317,113,.262,103,1.1,3.52,21,4,2.5,0.0
129128,Sean St. Germain,138,136,588,504,126,69,11,2,44,101,91,73,12.4,0,6,1,5,0,171,29.1,6,.250,.349,.542,.378,139,.279,142,4.9,4.07,8,4,29.7,-1.5
129173,Ricky Stephens,148,145,623,549,142,90,26,1,25,68,69,67,10.8,0,2,0,5,0,112,18.0,3,.259,.339,.446,.341,112,.281,115,2.5,3.84,5,2,11.8,-1.1
133270,Chris Stevens,89,78,328,270,63,47,10,2,4,18,40,52,15.9,1,6,0,0,0,74,22.6,6,.233,.369,.330,.321,96,.307,101,1.0,4.05,9,0,0.6,-0.4
126912,Nathan Stewart,63,41,189,169,37,31,2,1,3,22,17,18,9.5,3,1,0,1,0,48,25.4,5,.219,.296,.296,.258,63,.286,59,-0.1,3.81,0,0,-9.2,-2.1
134014,Woody Stokes,106,101,404,369,88,58,23,1,6,42,44,29,7.2,0,0,1,6,0,35,8.7,8,.238,.290,.355,.282,82,.246,79,0.1,3.47,8,2,-10.0,0.4
128634,Kenneth Strickland,68,66,262,237,66,47,10,0,9,26,29,24,9.2,2,0,0,1,0,44,16.8,2,.278,.344,.435,.335,116,.308,113,1.8,3.72,3,1,4.4,-1.1
127504,Dan Sullivan,85,77,324,296,64,47,12,0,5,33,31,26,8.0,3,1,0,1,0,53,16.4,7,.216,.281,.307,.258,65,.247,61,-0.7,3.61,0,0,-14.9,-1.7
127263,Joe Sullivan,131,127,562,508,145,94,24,4,23,78,93,47,8.4,2,1,0,6,0,66,11.7,6,.285,.343,.484,.353,125,.287,125,3.6,3.56,22,3,16.9,0.8
129872,Willie Swain,59,44,203,178,49,25,13,0,11,28,36,20,9.9,0,2,0,3,0,41,20.2,1,.275,.350,.534,.375,138,.295,138,1.1,3.81,4,2,9.2,-1.7
130801,Stan Swift,50,47,185,174,51,38,8,0,5,23,18,11,5.9,0,0,3,0,0,32,17.3,5,.293,.335,.425,.329,104,.336,105,1.1,3.58,0,0,1.1,-2.5
124413,Alfredo Sáenz,115,114,481,436,119,72,28,2,17,74,51,39,8.1,4,4,0,2,0,54,11.2,8,.273,.337,.463,.340,105,.278,110,0.9,3.59,3,1,6.3,-2.7
135180,Jesús Sánchez,64,62,282,207,45,17,14,0,14,40,43,65,23.0,1,8,0,2,0,69,24.5,4,.217,.418,.488,.395,150,.246,154,2.1,4.37,8,1,18.2,0.6
120790,Orlando Sánchez,76,73,284,259,51,38,9,0,4,26,24,20,7.0,0,2,0,3,0,27,9.5,11,.197,.257,.278,.241,44,.203,45,-0.5,3.37,0,0,-18.5,-1.1
132137,Mario Tapia,72,68,263,237,55,39,9,1,6,28,20,18,6.8,1,5,2,3,0,47,17.9,6,.232,.297,.354,.283,78,.262,73,0.6,3.70,0,0,-8.2,-0.7
127640,David Taylor,69,68,262,227,62,47,7,2,6,25,30,30,11.5,0,2,0,3,0,40,15.3,3,.273,.359,.401,.336,109,.304,113,1.7,3.66,0,0,4.2,-2.6
128509,Dell Taylor,42,31,122,114,23,14,5,0,4,16,14,5,4.1,0,0,0,3,0,24,19.7,1,.202,.230,.351,.248,57,.213,49,-0.5,3.53,0,0,-7.1,0.5
125629,Denny Tenbri,146,141,623,542,143,82,23,2,36,87,71,75,12.0,8,5,0,1,0,118,18.9,14,.264,.358,.513,.365,144,.275,141,1.9,3.79,0,0,28.0,-10.8
125211,Kenny Thomas,83,39,179,164,46,33,11,2,0,17,14,12,6.7,3,0,1,3,0,13,7.3,2,.280,.324,.372,.293,98,.299,86,0.4,3.10,5,3,-2.8,-0.6
121190,Jack Thompson,88,74,296,292,90,65,23,0,2,25,43,2,0.7,1,0,5,2,0,27,9.1,7,.308,.311,.408,.308,98,.332,92,0.9,3.01,3,2,-2.6,0.7
125665,Livan Tilf,151,149,673,601,144,115,18,0,11,38,72,54,8.0,1,16,0,2,1,104,15.5,11,.240,.318,.324,.290,80,.273,83,0.3,3.61,0,0,-13.5,-3.0
134203,Kevin Townsend,51,1,57,50,18,10,3,1,4,11,9,5,8.8,0,1,0,1,0,7,12.3,2,.360,.421,.700,.465,205,.350,203,0.9,3.44,1,0,7.0,0.1
128794,Dirk Tracy,147,147,625,563,150,114,23,1,12,75,50,54,8.6,2,1,0,7,0,114,18.2,20,.266,.328,.375,.308,96,.311,95,2.7,3.74,2,1,-3.3,-1.8
136632,Augusto Urbina,29,6,41,34,6,2,4,0,0,1,6,7,17.1,0,0,0,0,0,11,26.8,2,.176,.317,.294,.284,70,.261,77,0.0,4.17,0,0,-1.1,0.2
134529,Terry van Brussel,150,147,682,604,168,114,30,4,20,67,101,71,10.4,0,3,0,4,1,106,15.5,14,.278,.355,.440,.348,117,.307,119,2.2,3.85,0,0,15.5,-3.6
132861,Tobias van den Akker,49,39,152,145,33,23,7,0,3,12,19,6,3.9,0,0,0,1,0,29,19.1,3,.228,.257,.338,.259,63,.263,61,0.1,3.51,0,1,-7.0,0.9
133001,Álex Vargas,138,138,570,496,130,65,33,1,31,69,74,65,11.4,3,6,0,3,0,118,20.7,8,.262,.353,.520,.370,136,.283,136,3.8,3.82,5,6,24.8,0.6
124701,Hunter Villarreal,133,131,565,500,154,101,30,2,21,73,69,61,10.8,3,4,0,0,0,101,17.9,11,.308,.388,.502,.383,142,.352,143,3.2,3.69,3,4,28.8,-1.3
122638,Jesús Vázquez,66,35,154,144,22,11,11,0,0,8,21,9,5.8,0,1,0,0,0,30,19.5,1,.153,.208,.229,.198,20,.193,18,-1.1,3.71,7,0,-15.0,0.9
126024,Pedro Vázquez,11,11,36,31,5,4,1,0,0,4,1,5,13.9,0,0,2,0,0,10,27.8,1,.161,.278,.194,.230,31,.238,35,-0.2,4.28,0,0,-2.7,-0.0
128041,Chuck Wallace,124,119,528,473,155,101,30,6,18,73,78,43,8.1,3,7,0,5,0,103,19.5,1,.328,.388,.531,.388,156,.384,157,5.2,3.69,1,1,32.8,-3.3
130811,Dale Waller,124,123,505,451,118,79,23,4,12,67,59,47,9.3,1,4,0,3,0,79,15.6,4,.262,.335,.410,.326,99,.292,103,3.5,3.68,37,9,2.2,2.9
128525,Jeff Walsh,158,142,660,603,186,109,30,3,44,104,109,50,7.6,2,3,0,4,0,88,13.3,8,.308,.362,.587,.400,159,.299,158,7.4,3.57,16,8,45.7,3.1
126586,Gregg Ward,150,149,631,570,152,109,20,2,21,62,85,53,8.4,2,4,0,4,0,65,10.3,12,.267,.331,.419,.326,107,.268,107,2.7,3.65,14,3,5.6,0.8
128610,Jacob Washington,126,97,442,405,112,80,16,5,11,53,50,35,7.9,1,2,0,0,0,58,13.1,8,.277,.337,.422,.331,109,.301,110,-0.1,3.47,0,2,5.4,-3.2
127886,Abraham Watson,154,148,676,603,156,91,27,3,35,106,117,71,10.5,4,0,0,2,0,118,17.5,9,.259,.336,.488,.350,130,.268,125,4.5,3.62,33,5,20.9,3.3
127012,Harvey Welch,113,111,472,426,95,49,21,3,22,66,70,43,9.1,1,0,0,3,0,153,32.4,11,.223,.292,.441,.314,97,.287,97,0.7,3.89,31,6,-1.3,-0.3
121759,John White,98,77,313,286,79,57,15,2,5,29,35,23,7.3,0,3,4,1,0,44,14.1,11,.276,.335,.395,.322,101,.311,104,2.0,3.37,29,4,1.6,2.3
133856,Kent White,47,30,120,114,25,19,5,1,0,11,11,3,2.5,0,0,1,3,0,23,19.2,1,.219,.233,.281,.223,45,.266,37,-0.4,3.51,0,1,-8.9,-0.0
126740,George Whitten,69,63,251,209,52,33,10,0,9,32,28,38,15.1,3,2,0,2,0,50,19.9,6,.249,.367,.426,.339,114,.283,111,0.5,3.98,1,0,3.6,-3.5
129707,Dave Wiley,69,58,236,206,52,37,11,0,4,26,21,26,11.0,2,2,0,2,0,52,22.0,10,.252,.339,.364,.309,97,.316,96,0.6,3.89,0,0,-1.1,-1.3
130590,Christian Williams,117,117,542,467,129,83,27,2,17,64,67,69,12.7,5,5,0,1,0,97,17.9,4,.276,.375,.452,.356,128,.316,128,4.7,3.76,29,7,18.1,0.1
126600,Liam Williams,60,45,181,157,18,15,2,0,1,9,12,22,12.2,0,0,0,2,0,39,21.5,7,.115,.221,.146,.183,8,.143,11,-0.8,4.01,0,0,-19.1,-0.3
123990,Mitchell Williams,45,32,141,138,34,21,11,0,2,16,9,2,1.4,0,0,1,1,0,17,12.1,6,.246,.255,.370,.268,74,.267,69,-0.3,2.95,2,0,-5.2,0.1
126985,Sam Winwood,118,116,512,450,125,83,31,0,11,56,56,46,9.0,1,6,0,10,0,85,16.6,11,.278,.346,.420,.333,111,.313,109,0.4,3.80,6,4,5.7,-3.5
126074,Steve Wood,113,110,495,459,129,85,27,3,14,48,63,31,6.3,0,1,0,4,0,85,17.2,10,.281,.325,.444,.332,98,.316,105,1.3,3.64,6,4,3.2,0.7
117403,Don Wooten,120,105,467,413,118,69,18,2,29,94,67,44,9.4,1,2,0,8,0,63,13.5,11,.286,.351,.550,.379,129,.271,137,3.4,3.80,1,0,20.9,1.5
125712,Gary Wyatt,102,101,447,386,111,75,24,5,7,44,55,55,12.3,3,1,0,5,0,66,14.8,11,.288,.374,.430,.345,115,.327,115,1.2,3.76,1,6,8.2,-0.1
128176,Jeff Young,58,50,200,182,45,30,6,1,8,28,27,14,7.0,1,3,0,1,0,48,24.0,1,.247,.310,.423,.316,98,.291,98,0.6,3.79,13,3,-0.3,0.8
134524,Curt Zaragoza,128,83,399,353,100,68,14,1,17,46,54,40,10.0,3,3,0,3,0,46,11.5,15,.283,.358,.473,.355,134,.283,129,1.5,3.77,1,0,14.0,-3.5
120919,Hi-yuan Zhou,111,100,425,369,94,65,16,0,13,68,53,44,10.4,1,4,0,8,0,97,22.8,8,.255,.334,.404,.322,102,.303,103,0.7,3.89,1,0,1.8,-1.3
129831,Yu Zhu,148,144,659,583,158,90,33,3,32,102,96,67,10.2,0,5,0,4,0,87,13.2,20,.271,.349,.503,.366,135,.269,135,3.1,3.82,12,4,27.9,-2.9
132331,Manuel Zúñiga,133,131,593,522,167,98,40,1,28,86,85,54,9.1,6,14,0,3,0,50,8.4,18,.320,.396,.561,.403,160,.311,159,4.4,3.48,1,0,41.7,-3.4
133889,Vicente Árias,148,143,627,564,151,88,31,3,29,108,85,54,8.6,2,2,0,7,0,69,11.0,14,.268,.330,.488,.348,128,.258,123,2.2,3.57,9,2,17.7,0.3
