ID,Name,G,GS,W,L,IP,BF,AB,HA,1B,2B,3B,HR,R,ER,BB,IBB,K,HP,ERA,BABIP,WHIP,K/9,BB/9,HR/9,K/BB,K%-BB%,SH,SF,WP,BK,CI,DP,IR,IRS,PI,GB,FB,SB,CS,ERA+,FIP,FIP-,WAR
7236,Brian Bear,1,0,0,0,0.1,3,3,2,1,0,1,0,1,1,0,0,0,0,27.00,.667,6.00,0.0,0.0,0.0,0.0,0.0,0,0,0,0,0,0,2,2,7,1,0,0,0,16,3.20,80,0.0
6460,Ray Briner,1,0,0,0,0.2,3,2,0,0,0,0,0,0,0,1,0,0,0,0.00,.000,1.50,0.0,13.5,0.0,0.0,-33.3,0,0,0,0,0,0,0,0,11,1,1,0,0,999,7.70,192,-0.0
7125,Hugh Cannon,1,0,0,0,1.1,9,7,3,2,1,0,0,3,3,1,0,1,1,20.25,.500,3.00,6.8,6.8,0.0,1.0,0.0,0,0,0,0,0,0,2,0,37,3,0,0,0,21,6.17,142,-0.0
6472,David Alcon,70,0,5,12,80.2,336,303,64,44,13,1,6,31,30,32,5,126,0,3.35,.337,1.19,14.1,3.6,0.7,3.9,28.0,0,1,3,0,0,1,2,2,1355,49,62,2,1,129,2.02,46,4.1
6986,Steve Benson,61,0,4,6,70.2,300,269,65,46,14,1,4,31,29,28,2,98,1,3.69,.363,1.32,12.5,3.6,0.5,3.5,23.3,1,1,2,0,0,7,8,0,1177,59,49,1,1,117,2.28,52,3.2
7246,Josh Berzins,63,0,10,4,71.1,274,250,42,24,11,1,6,13,13,22,4,119,0,1.64,.283,0.90,15.0,2.8,0.8,5.4,35.4,0,2,0,0,0,5,2,0,1079,37,53,1,0,264,1.69,38,4.0
7118,Dustin Beyers,52,0,2,9,62.2,275,246,65,41,16,2,6,32,30,25,6,95,3,4.31,.407,1.44,13.6,3.6,0.9,3.8,25.5,1,0,3,0,0,7,7,2,1096,48,36,3,2,100,2.44,56,2.4
7038,Jerry Blake,58,0,5,4,61.2,226,209,27,18,6,2,1,8,7,15,2,75,1,1.02,.195,0.68,10.9,2.2,0.1,5.0,26.5,1,0,2,0,0,5,8,0,864,50,57,0,0,424,1.63,37,3.1
6675,Joe Brustad,58,0,5,5,64.2,250,228,42,32,7,0,3,10,10,18,3,72,1,1.39,.252,0.93,10.0,2.5,0.4,4.0,21.6,1,2,2,0,0,7,10,1,931,61,53,1,1,311,2.29,52,2.8
6809,Jeremy Burke,62,0,2,6,60.2,241,219,40,29,5,0,6,20,20,22,3,105,0,2.97,.315,1.02,15.6,3.3,0.9,4.8,34.4,0,0,1,0,0,3,5,1,955,40,33,1,0,146,1.94,44,3.2
6520,Randy Corbin,63,0,5,6,67.1,284,246,51,32,10,2,7,30,25,31,5,96,3,3.34,.303,1.22,12.8,4.1,0.9,3.1,22.9,2,2,4,0,0,4,14,3,1088,47,55,0,1,130,2.97,68,2.1
6757,Tommie Creswell,57,0,4,3,69.0,264,249,48,31,12,0,5,12,10,10,4,70,3,1.30,.244,0.84,9.1,1.3,0.7,7.0,22.7,0,2,1,1,0,4,4,1,994,60,70,0,1,332,2.48,57,2.7
6937,Joe Ferry,51,0,4,1,54.0,205,185,27,18,7,1,1,5,5,16,4,58,4,0.83,.206,0.80,9.7,2.7,0.2,3.6,20.5,0,0,2,0,0,6,9,1,771,56,42,0,0,519,2.16,49,2.5
6702,Steve Fewell,65,0,5,8,75.1,317,288,59,35,14,1,9,28,25,23,10,104,4,2.99,.284,1.09,12.4,2.7,1.1,4.5,25.6,1,1,6,0,0,3,8,0,1175,60,57,1,3,145,2.64,61,2.8
6571,Jayden Frasier,60,0,5,2,66.1,257,229,39,34,2,0,3,9,9,26,3,98,1,1.22,.281,0.98,13.3,3.5,0.4,3.8,28.0,1,0,4,1,0,9,5,1,1006,49,41,2,0,354,1.89,43,3.4
7227,Allen Grace,59,0,4,5,62.0,252,237,56,37,8,0,11,19,18,14,2,84,1,2.61,.317,1.13,12.2,2.0,1.6,6.0,27.8,0,0,2,0,0,4,9,3,920,50,46,1,1,166,3.40,78,1.2
7142,Jeff Grames,54,0,5,8,52.2,228,214,56,40,8,0,8,23,21,12,2,71,1,3.59,.356,1.29,12.1,2.1,1.4,5.9,25.9,1,0,4,0,0,1,13,4,829,29,57,0,1,121,3.08,71,1.4
7171,Jaylen Green,60,0,4,6,67.0,278,252,51,35,13,0,3,15,12,23,4,63,2,1.61,.257,1.10,8.5,3.1,0.4,2.7,14.4,0,1,2,0,0,5,10,1,1030,70,62,2,0,269,2.82,65,2.3
6603,Myles Hugee,66,0,8,4,75.1,279,257,34,26,3,1,4,9,9,19,3,100,2,1.08,.195,0.70,11.9,2.3,0.5,5.3,29.0,0,1,2,0,0,5,8,2,1083,64,57,3,0,403,1.93,44,3.5
6733,Kurt Hutchison,56,0,3,7,60.0,239,213,38,26,8,1,3,13,13,22,5,77,2,1.95,.261,1.00,11.6,3.3,0.5,3.5,23.0,1,1,4,0,0,2,6,2,934,53,47,0,0,222,2.21,50,2.6
6912,Josh Johnson,53,0,2,11,61.1,269,241,63,40,11,1,11,34,31,24,9,69,1,4.55,.317,1.42,10.1,3.5,1.6,2.9,16.7,0,3,4,1,0,5,5,2,992,54,56,1,0,95,4.04,93,0.6
6964,Ryan Koudela,64,0,2,9,68.1,292,256,58,32,14,4,8,25,22,33,6,84,0,2.90,.303,1.33,11.1,4.3,1.1,2.5,17.5,2,1,2,1,0,6,12,4,1086,53,60,0,1,149,3.42,79,1.5
6654,Jaya Layar,58,0,4,6,62.2,259,235,47,35,8,0,4,21,16,20,2,81,3,2.30,.285,1.07,11.6,2.9,0.6,4.0,23.6,0,1,1,0,0,3,8,1,1003,57,46,0,1,188,2.42,56,2.5
6546,Jared Mack,65,0,3,6,72.0,285,261,45,24,14,2,5,17,15,16,2,85,3,1.88,.231,0.85,10.6,2.0,0.6,5.3,24.2,2,2,2,2,1,5,9,6,1119,65,63,0,0,231,2.42,56,3.1
6834,Dan Miller,58,0,2,4,62.0,260,237,56,41,8,2,5,13,10,20,8,77,1,1.45,.327,1.23,11.2,2.9,0.7,3.9,21.9,1,1,3,2,0,6,7,0,991,51,53,2,0,298,2.37,54,2.7
6445,Chad Murray,58,0,4,3,62.2,258,234,48,36,8,1,3,18,14,21,9,83,0,2.01,.302,1.10,11.9,3.0,0.4,4.0,24.0,2,1,4,0,0,3,8,3,999,59,44,0,0,215,1.72,39,3.3
7013,Jim Noel,63,0,7,8,67.0,278,249,55,31,9,2,13,31,31,23,7,71,3,4.16,.251,1.16,9.5,3.1,1.7,3.1,17.3,1,2,4,0,0,6,15,6,1001,62,62,0,0,104,4.43,102,0.2
6497,Chris O'Brien,58,0,5,8,68.1,296,265,61,39,12,2,8,26,25,24,8,96,5,3.29,.327,1.24,12.6,3.2,1.1,4.0,24.3,1,1,3,0,0,2,1,0,1087,51,55,2,0,131,2.81,64,2.5
7090,Josh Orellana,61,0,7,9,71.2,277,249,38,25,6,0,7,19,19,21,3,86,4,2.39,.197,0.82,10.8,2.6,0.9,4.1,23.5,2,1,2,0,0,4,3,0,1062,65,57,1,1,181,2.96,68,2.2
6886,Danny Ortez,62,0,1,9,61.0,276,250,75,49,12,3,11,38,34,20,1,64,3,5.02,.362,1.56,9.4,3.0,1.6,3.2,15.9,1,2,1,0,0,3,9,4,1059,56,56,5,0,86,4.50,104,0.1
6622,Harry Rankin,63,0,4,2,73.0,295,268,55,38,15,0,2,15,14,25,7,103,1,1.73,.325,1.10,12.7,3.1,0.2,4.1,26.4,1,0,1,1,0,8,10,3,1179,59,49,2,0,251,1.49,34,4.8
7065,Francisco Sanchez,55,0,5,4,58.1,238,213,41,26,10,1,4,19,17,24,5,65,0,2.62,.257,1.11,10.0,3.7,0.6,2.7,17.2,1,0,2,2,0,6,11,3,900,54,48,1,0,165,2.81,65,1.9
6782,Dan Sanders,50,0,1,7,52.0,225,206,60,35,18,2,5,23,23,16,4,53,1,3.98,.369,1.46,9.2,2.8,0.9,3.3,16.4,0,1,3,0,1,8,5,1,862,53,41,1,0,109,3.14,72,1.4
7194,Aaron Segall,59,0,6,5,63.0,253,237,50,39,10,0,1,15,15,13,4,88,1,2.14,.331,1.00,12.6,1.9,0.1,6.8,29.6,2,0,2,0,0,3,13,1,941,46,52,2,0,202,1.06,24,4.3
6862,Cliff Snyder,66,0,4,4,67.2,261,249,47,35,8,2,2,12,12,12,1,102,0,1.60,.310,0.87,13.6,1.6,0.3,8.5,34.5,0,0,1,0,0,4,16,4,1001,65,33,1,0,271,1.03,23,4.4
6859,Jason Acevedo,80,0,4,4,73.1,311,264,54,36,10,2,6,40,36,38,0,81,4,4.42,.264,1.25,9.9,4.7,0.7,2.1,13.8,0,5,2,0,0,6,57,14,1272,72,59,7,1,98,3.75,86,0.8
7093,Jaime Aguilera,54,0,1,5,52.1,276,227,78,56,15,3,4,56,54,41,1,45,6,9.29,.411,2.27,7.7,7.1,0.7,1.1,1.4,0,2,6,0,0,5,23,8,1082,45,58,5,0,47,5.08,117,-0.3
6648,Jeff Alderman,56,0,4,2,65.1,292,256,65,31,13,1,20,49,45,29,0,68,4,6.20,.265,1.44,9.4,4.0,2.8,2.3,13.4,1,2,1,0,0,6,30,14,1159,58,64,6,0,70,6.59,152,-1.5
6915,Josh Andre,60,0,3,2,47.0,236,190,56,36,11,1,8,38,35,43,0,41,2,6.70,.338,2.11,7.9,8.2,1.5,1.0,-0.8,0,1,4,0,0,6,44,10,929,44,47,3,0,65,6.51,150,-1.1
6856,Carlos Anzo,53,0,3,1,66.2,320,266,76,43,12,4,17,58,58,54,0,58,0,7.83,.309,1.95,7.8,7.3,2.3,1.1,1.2,0,0,2,0,0,8,38,18,1313,57,74,5,3,55,7.18,165,-2.0
6956,Brian Athey,67,0,7,3,100.0,438,400,115,73,30,2,10,56,53,29,0,33,3,4.77,.290,1.44,3.0,2.6,0.9,1.1,0.9,1,5,4,0,0,12,43,17,1489,135,116,7,1,91,4.77,110,-0.2
6649,Joe Bailey,50,0,1,1,51.0,258,234,83,40,17,1,25,59,58,23,0,50,0,10.24,.362,2.08,8.8,4.1,4.4,2.2,10.5,0,1,2,1,0,2,34,17,889,44,56,2,0,42,8.94,206,-2.5
7014,Mike Baker,46,0,2,0,58.0,279,245,78,48,18,2,10,34,33,31,1,29,3,5.12,.330,1.88,4.5,4.8,1.6,0.9,-0.7,0,0,6,0,0,7,37,23,1040,71,64,4,0,85,6.12,141,-1.0
6780,Lee Ball,42,0,0,0,47.2,233,205,68,42,7,0,19,45,45,25,0,45,1,8.50,.343,1.95,8.5,4.7,3.6,1.8,8.6,0,2,5,0,0,2,36,17,882,40,54,3,2,51,8.10,187,-1.9
6962,Bryant Barton,76,0,6,1,77.1,318,292,69,40,14,0,15,30,28,22,1,104,3,3.26,.312,1.18,12.1,2.6,1.7,4.7,25.8,1,0,3,0,0,9,24,5,1224,61,57,2,0,133,3.94,90,0.7
7250,Toby Bartz,64,0,4,0,74.0,293,272,57,36,11,3,7,15,14,18,3,76,1,1.70,.262,1.01,9.2,2.2,0.9,4.2,19.8,0,2,3,0,0,3,31,8,1137,58,82,2,0,254,3.00,69,1.5
6810,Jacob Berger,29,0,0,1,40.1,168,156,43,32,6,0,5,10,10,9,0,18,1,2.23,.281,1.29,4.0,2.0,1.1,2.0,5.4,0,2,2,0,0,4,32,14,622,44,51,0,2,194,4.64,107,-0.0
6908,Jaime Berkowitz,44,0,2,0,52.2,244,214,63,41,11,1,10,34,31,29,0,57,1,5.30,.361,1.75,9.7,5.0,1.7,2.0,11.5,0,0,6,0,0,7,30,11,948,46,45,4,1,82,5.19,119,-0.4
7241,Terry Bethel,24,0,0,1,8.2,40,34,10,8,1,1,0,4,4,6,0,12,0,4.15,.455,1.85,12.5,6.2,0.0,2.0,15.0,0,0,0,0,0,2,19,5,178,9,3,1,0,104,2.48,57,0.2
6544,Valerius Bierhoff,34,0,4,0,34.0,171,138,41,29,5,0,7,26,24,31,0,32,1,6.35,.340,2.12,8.5,8.2,1.9,1.0,0.6,0,1,8,0,0,2,25,14,701,24,41,3,1,68,6.79,156,-0.9
6650,Justin Black,80,0,2,7,56.0,251,218,56,38,8,1,9,36,36,32,0,77,0,5.79,.356,1.57,12.4,5.1,1.4,2.4,17.9,1,0,6,0,0,4,46,18,970,41,42,1,2,75,4.23,97,0.3
7064,Kevin Bock,57,0,3,1,64.2,264,240,61,41,13,1,6,23,22,17,1,34,5,3.06,.274,1.21,4.7,2.4,0.8,2.0,6.4,1,1,3,0,0,12,25,9,973,70,74,3,2,141,4.30,99,0.2
6993,Luis Bonilla,71,0,7,2,73.1,278,252,38,21,7,1,9,16,16,24,2,108,0,1.96,.212,0.85,13.3,2.9,1.1,4.5,30.2,0,2,3,0,0,5,16,4,1129,56,51,1,0,220,2.72,62,1.9
6522,Dylan Brett,70,0,4,3,68.2,297,273,70,47,16,0,7,35,25,19,5,63,1,3.28,.304,1.30,8.3,2.5,0.9,3.3,14.8,0,4,3,0,0,7,39,16,1083,59,76,5,1,132,3.32,76,1.1
6446,Angel Brito,61,0,2,3,74.2,360,287,69,41,19,1,8,42,40,66,2,82,6,4.82,.308,1.81,9.9,8.0,1.0,1.2,4.4,0,1,3,0,0,8,43,15,1385,61,72,6,1,90,5.18,119,-0.5
6596,Steve Brod,55,0,2,1,28.2,122,107,25,13,8,0,4,12,11,12,1,35,1,3.45,.304,1.29,11.0,3.8,1.3,2.9,18.9,1,1,1,1,0,2,29,8,491,21,27,0,1,125,3.80,87,0.3
6888,Jerry Brown,43,0,3,1,61.2,299,246,71,43,14,1,13,47,45,50,0,76,1,6.57,.365,1.96,11.1,7.3,1.9,1.5,8.7,0,2,2,0,0,6,39,13,1198,54,44,4,2,66,5.93,137,-1.0
7095,Phil Brown,80,0,7,2,84.1,338,312,68,34,14,1,19,34,33,19,4,82,3,3.52,.231,1.03,8.8,2.0,2.0,4.3,18.6,3,1,3,0,0,4,41,11,1239,79,84,1,1,123,4.80,110,-0.2
7223,Scott Bunge,67,0,3,4,68.2,313,261,65,38,17,2,8,39,37,39,0,74,8,4.85,.310,1.51,9.7,5.1,1.0,1.9,11.2,0,5,1,0,0,7,27,7,1216,61,63,2,1,89,4.59,105,0.0
7222,Pete Burgess,68,0,2,4,56.2,281,242,78,50,15,0,13,53,48,32,1,63,5,7.62,.387,1.94,10.0,5.1,2.1,2.0,11.0,0,2,4,0,0,5,41,14,1077,48,52,1,1,57,5.84,134,-0.9
6574,Danny Cadena,32,0,0,1,36.1,173,149,44,21,8,0,15,36,35,23,0,34,0,8.67,.287,1.84,8.4,5.7,3.7,1.5,6.4,0,1,2,1,0,2,16,7,643,23,47,4,1,50,8.57,197,-1.6
7251,Vinny Campos,67,0,6,3,71.2,289,264,54,41,10,0,3,13,11,23,7,91,0,1.38,.298,1.07,11.4,2.9,0.4,4.0,23.5,1,1,1,1,0,5,13,4,1095,63,56,2,0,313,1.85,42,2.9
7040,Grant Cardell,61,0,1,1,59.0,247,213,44,29,11,1,3,30,26,29,0,65,1,3.97,.275,1.24,9.9,4.4,0.5,2.2,14.6,0,4,4,0,0,4,31,9,976,57,50,4,1,109,3.16,72,1.0
7122,William Case,81,0,1,2,79.1,351,328,99,56,19,4,20,45,45,19,0,75,2,5.11,.336,1.49,8.5,2.2,2.3,3.9,16.0,0,2,7,1,0,7,56,8,1345,65,89,4,1,85,5.35,123,-0.7
6677,Brett Castillo,24,0,1,1,38.1,158,142,30,17,8,0,5,19,13,12,0,32,2,3.05,.234,1.10,7.5,2.8,1.2,2.7,12.7,0,2,3,0,0,2,16,2,580,25,55,2,0,142,4.30,99,0.1
6858,Joe Castle,53,0,7,2,71.1,299,270,67,42,17,3,5,31,28,27,0,31,0,3.53,.263,1.32,3.9,3.4,0.6,1.1,1.3,0,2,5,0,0,10,31,10,1067,91,80,2,1,123,4.35,100,0.2
7067,Jeremy Clevenger,60,0,4,5,56.2,248,217,56,30,14,1,11,33,32,27,0,69,3,5.08,.326,1.46,11.0,4.3,1.7,2.6,16.9,0,1,3,0,0,5,31,8,942,41,51,7,1,85,4.85,112,-0.2
6778,Paul Cole,61,0,8,6,63.0,267,241,60,39,12,2,7,27,26,21,2,76,1,3.71,.329,1.29,10.9,3.0,1.0,3.6,20.6,1,3,3,1,0,5,23,6,1033,48,60,3,0,117,3.16,72,1.3
6754,Chris Constantine,72,0,1,6,83.2,377,316,72,44,12,0,16,50,45,56,1,81,4,4.84,.256,1.53,8.7,6.0,1.7,1.4,6.6,1,0,9,0,0,9,43,14,1437,79,79,8,2,89,5.84,134,-1.2
7089,Arthur Copeland,45,0,1,3,64.0,302,264,78,51,11,3,13,42,38,31,1,29,4,5.34,.289,1.70,4.1,4.4,1.8,0.9,-0.7,0,3,1,0,0,7,36,12,1067,78,76,3,2,81,6.50,150,-1.4
6440,Billy Crider,80,0,4,2,87.2,330,307,51,37,5,1,8,19,17,20,4,91,1,1.75,.205,0.81,9.3,2.1,0.8,4.5,21.5,0,2,1,1,0,11,15,4,1164,81,80,2,0,248,2.87,66,2.1
7094,Alex Cruz,34,0,1,2,49.2,217,195,53,29,9,2,13,35,33,20,0,47,0,5.98,.292,1.47,8.5,3.6,2.4,2.4,12.4,0,2,2,0,0,7,23,9,800,46,47,3,2,72,5.89,136,-0.7
7069,Gary Dady,63,0,9,3,60.2,270,238,65,45,15,1,4,30,28,29,8,66,2,4.15,.361,1.55,9.8,4.3,0.6,2.3,13.7,0,1,4,0,0,8,15,5,1016,53,53,1,1,104,2.99,69,1.5
6473,Andrew Davies,48,0,2,1,54.2,244,216,58,36,14,0,8,27,26,24,0,71,2,4.28,.360,1.50,11.7,4.0,1.3,3.0,19.3,0,2,4,0,0,5,52,19,947,44,44,3,1,101,3.91,90,0.5
6679,Josh Davis,24,0,1,0,35.2,166,145,41,26,7,0,8,23,19,16,0,37,3,4.79,.324,1.60,9.3,4.0,2.0,2.3,12.7,0,2,1,0,0,2,17,4,601,38,28,1,0,90,5.61,129,-0.4
6991,Nick DePree,51,0,6,1,68.1,312,266,71,43,16,1,11,43,41,39,0,31,4,5.40,.264,1.61,4.1,5.1,1.4,0.8,-2.6,0,3,6,0,0,7,47,20,1148,80,82,11,1,80,6.25,144,-1.3
7071,Bryan DeWees,40,0,2,0,55.2,261,208,50,34,7,0,9,27,27,50,0,53,0,4.37,.275,1.80,8.6,8.1,1.5,1.1,1.1,0,3,2,0,0,5,25,4,1052,46,61,2,1,99,6.07,140,-0.9
6468,Jose Dickerson,81,0,3,2,68.1,317,283,82,46,16,3,17,50,49,31,0,86,3,6.45,.361,1.65,11.3,4.1,2.2,2.8,17.4,0,0,3,0,0,3,43,15,1228,53,60,4,1,67,5.38,124,-0.7
6836,Brian Dickson,67,0,2,4,71.1,289,252,47,32,9,1,5,23,23,30,3,86,2,2.90,.256,1.08,10.9,3.8,0.6,2.9,19.4,2,3,2,0,0,5,36,7,1070,57,65,2,1,149,2.89,66,1.6
7220,Carlos Dougherty,51,0,3,1,83.2,358,332,99,59,23,2,15,59,59,23,0,38,1,6.35,.300,1.46,4.1,2.5,1.6,1.7,4.2,1,1,8,0,0,10,40,13,1232,89,108,2,4,68,5.46,126,-0.8
6879,Alan Edmonds,56,0,3,8,52.0,234,200,55,35,14,1,5,30,30,28,2,48,3,5.19,.336,1.60,8.3,4.8,0.9,1.7,8.5,1,2,3,0,0,5,16,7,845,58,41,3,1,83,4.25,98,0.3
6524,Tim Ellis,74,0,5,6,71.1,301,266,62,39,14,0,9,35,33,30,7,67,3,4.16,.277,1.29,8.5,3.8,1.1,2.2,12.3,1,1,4,0,0,8,27,5,1082,72,64,3,2,104,4.03,93,0.6
7173,John Erickson,78,0,5,2,84.0,346,330,91,58,16,1,16,39,37,13,3,71,1,3.96,.307,1.24,7.6,1.4,1.7,5.5,16.8,1,1,2,0,0,6,49,18,1230,73,95,3,3,109,4.35,100,0.3
7199,Nick Eschmann,71,0,4,3,79.0,342,303,78,55,11,0,12,45,40,35,1,88,1,4.56,.320,1.43,10.0,4.0,1.4,2.5,15.5,0,3,7,1,0,6,23,7,1274,72,64,1,4,95,4.25,98,0.3
7252,Bill Fehlman,69,0,5,5,69.2,304,269,68,44,16,0,8,40,39,28,4,83,5,5.04,.335,1.38,10.7,3.6,1.0,3.0,18.1,0,1,6,0,1,5,20,8,1203,51,67,4,2,86,3.53,81,1.0
6676,Adam Floyd,70,0,2,3,74.1,310,283,72,44,20,1,7,29,26,21,4,82,2,3.15,.332,1.25,9.9,2.5,0.8,3.9,19.7,2,2,2,0,0,8,42,18,1124,59,69,3,5,138,2.96,68,1.6
6647,Keith Floyd,61,0,3,4,92.1,399,366,102,62,30,1,9,44,43,27,1,51,1,4.19,.300,1.40,5.0,2.6,0.9,1.9,6.0,1,4,4,0,0,8,34,11,1462,116,98,9,0,103,4.21,97,0.4
7221,Ryan Francis,59,0,1,5,55.0,260,214,59,33,9,2,15,40,40,41,0,41,1,6.55,.273,1.82,6.7,6.7,2.5,1.0,0.0,1,3,4,0,0,5,25,12,996,52,66,4,1,66,7.52,173,-1.9
6753,Gregg Gage,90,0,3,3,82.1,356,310,71,49,7,1,14,41,39,43,0,77,2,4.26,.259,1.38,8.4,4.7,1.5,1.8,9.6,0,1,9,0,0,6,60,16,1400,73,88,2,1,102,5.15,119,-0.5
7224,Antonio Garcia,70,0,5,6,72.0,319,280,73,36,14,1,22,51,51,35,2,83,3,6.38,.290,1.50,10.4,4.4,2.8,2.4,15.0,0,1,0,0,0,5,38,15,1240,51,70,2,5,68,6.34,146,-1.6
6628,Terry Gerrish,89,0,4,4,86.0,353,315,63,37,12,3,11,28,23,30,1,121,5,2.41,.283,1.08,12.7,3.1,1.2,4.0,25.8,2,1,2,0,0,6,36,11,1356,66,64,1,0,180,3.21,74,1.4
6494,Bobby Gibson,66,0,7,3,64.1,248,224,38,25,10,0,3,17,16,18,3,82,4,2.24,.250,0.87,11.5,2.5,0.4,4.6,25.8,1,1,2,0,0,6,15,3,928,52,52,3,1,193,2.12,48,2.5
6617,Melvin Gil,55,0,1,2,69.1,330,278,78,55,11,3,9,46,43,47,1,72,3,5.58,.347,1.80,9.3,6.1,1.2,1.5,7.6,0,2,3,0,0,5,26,7,1270,62,66,4,2,78,4.90,113,-0.2
6992,Eric Gilbert,70,0,1,4,72.2,341,269,64,33,21,1,9,60,57,60,0,72,7,7.06,.288,1.71,8.9,7.4,1.1,1.2,3.5,2,3,9,0,0,8,31,12,1400,60,76,5,1,61,5.57,128,-0.8
6540,Josh Gilmore,76,0,7,3,89.0,388,347,95,71,12,3,9,43,43,35,2,40,4,4.35,.288,1.46,4.0,3.5,0.9,1.1,1.3,1,1,1,1,0,14,36,9,1424,110,100,9,2,100,4.84,111,-0.2
6940,Dan Glenn,64,0,5,2,69.2,287,254,59,37,7,1,14,30,29,23,2,73,5,3.75,.262,1.18,9.4,3.0,1.8,3.2,17.4,0,5,2,0,0,8,14,6,1062,55,70,0,0,116,4.81,111,-0.2
6652,Justin Goldberg,87,0,4,3,91.1,386,346,94,67,16,2,9,44,38,29,0,51,3,3.74,.290,1.35,5.0,2.9,0.9,1.8,5.7,1,7,2,0,0,15,40,15,1424,102,102,3,4,116,4.39,101,0.2
7016,Roger Goodgion,46,0,1,2,51.1,264,226,77,51,12,3,11,56,49,26,0,15,8,8.59,.325,2.01,2.6,4.6,1.9,0.6,-4.2,1,3,1,1,0,3,37,17,951,68,64,6,0,50,7.36,170,-1.6
6988,Sean Goshert,81,0,4,3,86.1,349,319,67,44,8,1,14,41,35,27,4,125,2,3.65,.293,1.09,13.0,2.8,1.5,4.6,28.1,0,1,9,1,0,5,47,11,1358,58,66,12,4,119,3.26,75,1.4
6807,Kent Green,45,0,2,3,67.0,280,257,66,45,14,0,7,29,27,15,0,28,6,3.63,.263,1.21,3.8,2.0,0.9,1.9,4.6,0,2,0,0,0,6,25,6,993,91,72,1,3,119,4.64,107,-0.0
6706,Steve Green,46,0,2,2,54.2,241,231,70,42,20,0,8,30,22,8,3,28,0,3.62,.316,1.43,4.6,1.3,1.3,3.5,8.3,1,1,3,1,0,7,42,11,822,73,55,3,0,120,4.33,99,0.2
7247,Reggie Greene,41,0,3,0,68.1,280,259,60,39,9,1,11,30,30,16,1,78,3,3.95,.287,1.11,10.3,2.1,1.4,4.9,22.1,1,1,4,0,0,3,28,8,1042,65,56,2,1,110,3.77,87,0.7
7068,Tom Hall,37,0,2,2,49.1,234,187,43,29,5,1,8,32,32,46,2,48,1,5.84,.267,1.80,8.8,8.4,1.5,1.0,0.9,0,0,2,0,0,4,28,8,953,45,50,1,1,74,6.07,140,-0.8
7144,Junior Handley,84,0,4,4,84.2,386,339,102,68,18,3,13,52,46,39,1,84,4,4.89,.362,1.67,8.9,4.1,1.4,2.2,11.7,0,4,3,0,0,11,39,15,1511,86,66,6,1,89,4.67,107,-0.1
6755,Jimmy Hargrave,51,0,2,1,19.0,78,71,13,7,4,0,2,7,5,5,1,34,2,2.37,.314,0.95,16.1,2.4,0.9,6.8,37.2,0,0,1,0,0,1,34,6,307,8,13,1,0,183,1.91,44,0.7
7172,Steve Hart,62,0,3,3,83.2,355,329,91,55,17,1,18,53,52,20,0,76,2,5.59,.305,1.33,8.2,2.2,1.9,3.8,15.8,0,4,1,0,0,8,43,18,1283,71,93,1,1,77,4.94,114,-0.3
7146,Jeremy Hendricks,66,0,3,2,96.0,434,400,125,83,21,2,19,67,61,20,0,44,9,5.72,.310,1.51,4.1,1.9,1.8,2.2,5.5,0,5,4,1,0,8,64,29,1456,115,116,3,2,76,5.74,132,-1.3
7168,Jalen Henry,54,0,1,2,72.2,325,292,79,47,10,2,20,49,44,25,0,79,8,5.45,.306,1.43,9.8,3.1,2.5,3.2,16.6,0,0,5,0,0,7,35,8,1243,64,65,1,1,79,5.94,137,-1.1
7191,Alberto Herrera,40,0,4,0,74.1,326,280,68,45,11,0,12,34,34,40,1,75,3,4.12,.286,1.45,9.1,4.8,1.5,1.9,10.7,0,3,3,0,0,8,23,4,1282,68,71,2,1,105,4.95,114,-0.3
6462,Brian Hill,48,0,2,0,18.1,83,75,21,15,3,0,3,12,10,6,0,8,1,4.91,.281,1.47,3.9,2.9,1.5,1.3,2.4,1,0,1,0,0,1,24,2,270,29,17,0,0,88,5.57,128,-0.3
6963,Eric Hill,55,0,3,4,66.0,303,275,90,47,19,2,22,62,53,23,0,61,2,7.23,.351,1.71,8.3,3.1,3.0,2.7,12.5,0,2,4,1,1,8,51,25,1130,62,61,3,3,60,6.80,156,-1.7
6551,William Hochman,71,0,2,2,67.0,250,228,36,19,10,0,7,16,15,18,9,95,1,2.01,.230,0.81,12.8,2.4,0.9,5.3,30.8,3,0,2,0,0,3,27,6,965,45,53,3,2,215,2.14,49,2.3
6599,Danny Holten,57,0,6,3,70.0,319,270,70,43,11,2,14,45,41,40,1,49,5,5.27,.267,1.57,6.3,5.1,1.8,1.2,2.8,1,3,6,1,0,10,29,12,1205,72,77,2,1,82,6.26,144,-1.3
6934,Alpha Hoskins,62,0,3,5,60.1,279,238,65,42,12,3,8,36,35,36,1,47,3,5.22,.308,1.67,7.0,5.4,1.2,1.3,3.9,0,2,3,0,0,4,30,15,1083,50,76,6,4,83,5.23,120,-0.5
6601,Cody Houghtaling,60,0,6,3,80.2,351,322,95,56,17,1,21,44,44,24,2,66,4,4.91,.314,1.48,7.4,2.7,2.3,2.8,12.0,0,1,2,0,0,9,42,16,1309,86,75,1,2,88,5.89,136,-1.2
6490,Josh Hull,45,0,2,0,84.2,344,316,75,54,15,1,5,26,23,21,0,44,3,2.44,.259,1.13,4.7,2.2,0.5,2.1,6.7,1,3,3,0,0,11,25,9,1248,94,100,4,3,177,3.75,86,0.9
6576,Cody Hurley,74,0,5,2,75.2,298,282,62,41,17,1,3,19,19,16,2,73,0,2.26,.286,1.03,8.7,1.9,0.4,4.6,19.1,0,0,4,0,0,6,25,6,1087,72,72,2,0,192,2.31,53,2.7
6700,Blake Hutchens,25,0,1,0,38.0,185,156,48,31,7,0,10,28,26,27,0,20,1,6.16,.302,1.97,4.7,6.4,2.4,0.7,-3.8,1,0,6,1,0,8,21,10,673,48,37,3,0,70,7.75,179,-1.4
6523,Mike Jambois,30,0,4,1,40.1,199,158,45,33,7,2,3,21,21,36,0,36,1,4.69,.341,2.01,8.0,8.0,0.7,1.0,0.0,0,4,3,0,0,5,26,11,768,29,49,3,0,92,5.11,118,-0.2
6779,Rodrigo Jimenez,46,0,2,1,60.2,271,215,35,14,9,0,12,31,30,54,0,74,0,4.45,.176,1.47,11.0,8.0,1.8,1.4,7.4,0,2,2,1,0,1,37,10,1090,41,63,3,2,97,5.98,138,-1.0
7042,Adam Johns,62,0,4,0,69.1,304,283,90,59,17,2,12,50,46,16,0,45,4,5.97,.344,1.53,5.8,2.1,1.6,2.8,9.5,0,1,1,1,0,12,34,14,1048,83,63,3,1,72,4.99,115,-0.3
7066,Craig Johnson,35,0,4,0,42.1,187,168,43,22,11,2,8,24,22,18,0,51,1,4.68,.321,1.44,10.8,3.8,1.7,2.8,17.6,0,0,0,0,0,3,36,9,742,31,41,4,1,93,4.57,105,0.0
6728,Josh Johnson,37,0,2,1,52.2,213,189,39,20,8,2,9,28,28,19,0,60,4,4.78,.248,1.10,10.3,3.2,1.5,3.2,19.2,0,1,1,0,0,4,31,12,817,35,55,3,3,90,4.43,102,0.1
6830,Kyle Johnson,39,0,1,1,60.0,263,230,54,31,13,1,9,30,28,27,0,59,2,4.20,.271,1.35,8.8,4.0,1.4,2.2,12.2,0,4,1,0,0,2,30,9,1034,56,63,4,1,103,4.61,106,0.0
6550,Jay Jones,35,0,2,3,46.0,235,207,74,52,16,2,4,38,36,22,1,19,4,7.04,.376,2.09,3.7,4.3,0.8,0.9,-1.3,0,2,3,0,0,5,25,8,833,61,48,6,2,61,5.11,118,-0.3
6730,John Jones,35,0,3,0,49.0,228,195,54,31,13,1,9,40,35,32,0,51,1,6.43,.333,1.76,9.4,5.9,1.7,1.6,8.3,0,0,9,0,0,5,24,10,927,48,40,3,1,67,5.50,127,-0.5
6729,Matt Jones,41,0,3,1,63.2,289,255,66,41,7,2,16,37,34,30,0,56,3,4.81,.272,1.51,7.9,4.2,2.3,1.9,9.0,0,1,1,0,0,2,23,3,1028,69,62,1,1,90,6.24,144,-1.2
7196,David Jorgensen,66,0,7,5,75.1,307,282,61,32,10,3,16,40,37,24,1,85,1,4.42,.249,1.13,10.2,2.9,1.9,3.5,19.9,0,0,1,0,0,6,41,2,1194,65,67,7,1,98,4.63,107,-0.0
7116,Keith Katz,66,0,2,4,100.2,475,405,118,79,17,2,20,67,66,57,0,91,6,5.90,.328,1.74,8.1,5.1,1.8,1.6,7.2,2,5,11,0,0,7,36,9,1760,83,119,2,2,73,5.83,134,-1.4
7012,Phil Keepers,58,0,0,3,54.0,247,213,58,20,17,0,21,50,46,32,0,52,1,7.67,.262,1.67,8.7,5.3,3.5,1.6,8.1,0,1,4,1,0,7,38,16,1011,47,55,3,0,56,8.14,187,-2.2
7011,Isaac Keith,68,0,8,4,90.0,374,345,86,49,16,5,16,47,47,25,3,51,1,4.70,.249,1.23,5.1,2.5,1.6,2.0,7.0,0,3,3,0,0,7,27,10,1338,100,109,8,2,92,5.12,118,-0.6
6626,Greg Kivett,84,0,5,4,90.0,360,331,76,49,18,1,8,28,23,22,0,73,2,2.30,.269,1.09,7.3,2.2,0.8,3.3,14.2,2,3,3,0,0,12,35,5,1278,108,73,5,0,188,3.51,81,1.2
6498,Bryan Knoble,86,0,2,4,90.0,354,320,72,51,15,0,6,37,34,26,3,81,3,3.40,.277,1.09,8.1,2.6,0.6,3.1,15.5,0,5,4,0,0,16,58,10,1321,84,84,4,4,127,3.11,71,1.7
7143,Zach Kovalak,80,0,5,1,82.2,367,334,100,65,27,1,7,39,39,20,3,47,7,4.25,.326,1.45,5.1,2.2,0.8,2.4,7.4,1,5,5,0,0,5,55,19,1267,96,94,5,0,102,4.01,92,0.6
7120,Antonio Kowalchuk,80,0,3,0,72.1,348,288,80,55,16,0,9,43,40,52,0,71,4,4.98,.335,1.82,8.8,6.5,1.1,1.4,5.5,0,4,9,0,0,4,40,14,1396,59,78,10,3,87,5.15,119,-0.5
6567,Eddie Kozlowski,71,0,7,1,73.2,303,261,60,36,15,0,9,33,32,33,6,84,7,3.91,.304,1.26,10.3,4.0,1.1,2.5,16.8,2,0,2,1,0,13,40,11,1149,59,59,5,2,111,3.87,89,0.7
6443,Steve Kramer,83,0,5,1,79.2,313,284,59,39,9,1,10,21,21,24,3,79,2,2.37,.249,1.04,8.9,2.7,1.1,3.3,17.6,1,2,3,0,0,8,50,12,1157,64,84,3,1,182,3.69,85,0.9
6704,Andy Kreider,58,0,1,7,61.2,270,238,59,37,15,0,7,29,27,25,5,68,4,3.94,.315,1.36,9.9,3.6,1.0,2.7,15.9,1,2,1,0,0,4,8,0,979,53,59,0,0,110,3.61,83,0.9
6466,Kevin Lankes,75,0,6,3,80.0,296,273,42,30,8,0,4,12,12,16,3,117,1,1.35,.244,0.72,13.2,1.8,0.5,7.3,34.1,1,4,3,0,1,4,29,11,1161,53,64,3,1,321,1.42,32,4.0
6861,Matt Lantzy,66,0,4,2,65.1,266,241,54,37,11,0,6,21,21,22,0,91,3,2.89,.333,1.16,12.5,3.0,0.8,4.1,25.9,0,0,1,1,0,7,29,10,1057,54,42,0,1,150,2.73,63,1.8
6727,Chad LaRosa,71,0,5,1,83.2,330,300,57,37,12,2,6,20,19,30,2,94,0,2.04,.255,1.04,10.1,3.2,0.6,3.1,19.4,0,0,5,1,0,4,35,5,1291,68,80,5,3,212,2.86,66,1.9
6602,Josh Lawler,90,0,4,8,84.1,355,320,73,41,17,4,11,29,27,30,7,103,4,2.88,.300,1.22,11.0,3.2,1.2,3.4,20.6,0,1,2,1,0,6,48,14,1359,80,62,8,0,150,3.39,78,1.4
7121,Josh Lebel,65,0,3,10,66.1,309,269,79,40,21,0,18,55,52,35,1,71,3,7.06,.337,1.72,9.6,4.7,2.4,2.0,11.7,1,1,2,1,0,6,17,3,1166,57,63,0,2,61,6.23,144,-1.5
6681,John Leverett,21,0,0,0,29.1,133,122,37,24,5,1,7,24,23,10,0,32,1,7.06,.361,1.60,9.8,3.1,2.1,3.2,16.5,0,0,3,0,0,3,10,4,494,21,31,0,0,61,5.22,120,-0.2
7117,Chris Lindberg,60,0,4,1,79.2,363,322,100,69,22,1,8,49,48,32,1,39,2,5.42,.327,1.66,4.4,3.6,0.9,1.2,1.9,0,6,6,0,1,8,54,22,1290,88,100,4,3,80,4.74,109,-0.1
6624,Tony Loewenstein,75,0,5,4,67.1,289,269,71,43,19,0,9,29,28,15,4,88,3,3.74,.358,1.28,11.8,2.0,1.2,5.9,25.3,1,1,4,0,0,6,19,7,1118,61,46,1,0,116,2.92,67,1.7
6489,Brian Long,54,0,2,1,83.1,353,303,63,36,21,1,5,28,28,42,1,41,3,3.02,.221,1.26,4.4,4.5,0.5,1.0,-0.3,0,5,4,0,0,8,26,6,1253,94,104,6,1,143,4.55,105,0.1
6499,Ricardo Lujan,62,0,5,4,62.1,236,211,39,30,5,1,3,15,15,16,4,63,2,2.17,.243,0.88,9.1,2.3,0.4,3.9,19.9,4,3,2,0,0,3,23,7,841,57,59,4,2,200,2.45,56,2.0
6903,Josh Lund,39,0,2,1,74.0,344,292,79,47,16,2,14,50,43,46,0,58,5,5.23,.294,1.69,7.1,5.6,1.7,1.3,3.5,0,1,4,2,0,8,31,13,1297,66,83,6,2,83,6.13,141,-1.3
6775,Jonah Lusk,83,0,5,7,95.0,405,374,103,51,16,1,35,63,60,26,0,105,1,5.68,.288,1.36,9.9,2.5,3.3,4.0,19.5,2,2,1,0,0,8,40,14,1490,86,79,1,4,76,6.61,152,-2.2
6989,Israel Magallanes,46,0,1,2,60.2,283,257,85,64,13,0,8,36,36,22,0,28,2,5.34,.345,1.76,4.2,3.3,1.2,1.3,2.1,0,2,4,0,0,8,24,14,1033,73,70,7,2,81,5.15,119,-0.4
7148,Elijah Mahon,60,0,5,2,91.0,413,364,105,70,20,3,12,57,54,42,0,88,3,5.34,.348,1.62,8.7,4.2,1.2,2.1,11.1,1,3,7,0,0,7,33,7,1574,83,90,6,4,81,4.44,102,0.2
6990,Diego Maldonado,82,0,11,3,77.0,326,294,76,53,14,0,9,37,37,23,1,83,5,4.32,.327,1.29,9.7,2.7,1.1,3.6,18.4,1,3,5,0,0,8,41,11,1227,84,54,3,2,100,3.59,82,1.0
7248,Jesus Marquez,37,0,2,3,54.2,238,220,58,40,9,0,9,31,28,14,0,55,3,4.61,.312,1.32,9.1,2.3,1.5,3.9,17.2,0,1,2,0,0,5,26,9,869,58,45,4,1,94,4.23,97,0.2
6513,Alex Martinez,44,0,4,0,67.2,283,264,67,45,10,0,12,26,23,17,1,45,1,3.06,.264,1.24,6.0,2.3,1.6,2.6,9.9,0,1,1,0,0,9,31,12,998,65,81,1,1,141,4.90,113,-0.2
6598,Jon Martinez,86,0,5,3,88.1,359,329,73,46,15,2,10,34,33,22,2,74,6,3.36,.256,1.08,7.5,2.2,1.0,3.4,14.5,0,1,1,0,1,8,29,4,1289,87,94,1,1,129,3.85,89,0.8
6914,Omar Martinez,67,0,1,4,66.2,317,258,68,45,8,1,14,42,37,51,0,49,4,4.99,.271,1.78,6.6,6.9,1.9,1.0,-0.6,0,4,7,1,0,4,53,15,1227,65,77,1,2,87,6.91,159,-1.8
6832,George Mauldin,77,0,10,1,77.1,302,276,55,36,12,0,7,24,20,21,5,80,3,2.33,.253,0.98,9.3,2.4,0.8,3.8,19.5,1,1,6,0,0,9,37,6,1145,62,79,9,0,186,3.02,69,1.6
6573,Aaron May,66,0,6,5,75.0,338,291,77,57,10,0,10,49,42,42,5,69,0,5.04,.309,1.59,8.3,5.0,1.2,1.6,8.0,0,5,3,0,0,5,47,20,1256,71,77,10,1,86,4.55,105,0.1
6525,Matt McAfee,66,0,4,4,66.2,282,250,61,44,11,3,3,22,22,29,3,71,2,2.97,.330,1.35,9.6,3.9,0.4,2.4,14.9,1,0,4,1,0,8,28,12,1061,70,48,3,1,146,2.89,66,1.8
6758,Jayson McCurtis,48,0,0,2,59.0,280,240,66,37,20,0,9,48,45,34,0,30,5,6.86,.282,1.69,4.6,5.2,1.4,0.9,-1.4,0,1,1,0,0,4,34,12,1074,71,70,6,2,63,6.12,141,-1.0
6707,Kyle McGary,60,0,5,2,60.2,239,216,49,38,7,0,4,15,14,19,4,79,0,2.08,.336,1.12,11.7,2.8,0.6,4.2,25.1,2,1,2,0,1,7,34,8,921,57,31,8,3,208,2.17,50,2.4
6705,Sam Mele,52,0,5,5,47.2,246,178,44,29,10,0,5,35,32,67,3,43,1,6.04,.300,2.33,8.1,12.7,0.9,0.6,-9.8,0,0,4,0,0,7,20,9,982,37,54,0,1,72,6.82,157,-1.4
6860,Cody Metzger,35,0,2,1,14.0,60,52,15,7,4,0,4,9,9,7,0,14,1,5.79,.324,1.57,9.0,4.5,2.6,2.0,11.7,0,0,2,0,0,3,26,4,229,18,5,0,1,75,6.60,152,-0.4
6958,Tommy Mickelson,89,0,9,5,102.2,463,431,129,90,23,2,14,61,58,29,1,81,0,5.08,.341,1.54,7.1,2.5,1.2,2.8,11.2,1,1,4,0,1,8,34,8,1628,115,103,3,0,85,4.19,96,0.5
7019,Justin Mitchell,70,0,3,5,69.0,325,264,74,53,11,1,9,51,49,46,0,57,9,6.39,.322,1.74,7.4,6.0,1.2,1.2,3.4,2,4,2,0,0,8,35,13,1219,66,73,2,2,68,5.61,129,-0.9
7041,Chase Moore,49,0,5,2,75.0,320,284,74,50,19,1,4,36,33,27,0,29,3,3.96,.273,1.35,3.5,3.2,0.5,1.1,0.6,1,5,5,2,0,12,38,15,1121,101,82,5,1,109,4.29,99,0.3
6726,John Moore,61,0,5,2,57.2,240,213,43,29,9,1,4,15,12,23,6,61,3,1.87,.264,1.14,9.5,3.6,0.6,2.7,15.8,1,0,3,0,0,3,9,4,909,59,48,5,1,231,3.00,69,1.3
6857,Jonathan Moore,79,0,6,0,68.1,331,274,80,48,15,4,13,51,49,52,1,68,1,6.45,.342,1.93,9.0,6.8,1.7,1.3,4.8,1,3,1,0,0,6,47,18,1238,54,73,2,1,67,5.94,137,-1.1
6961,Jeff Morgan,58,0,3,2,63.2,309,263,86,57,13,4,12,55,53,39,1,37,3,7.49,.341,1.96,5.2,5.5,1.7,0.9,-0.6,1,3,4,1,0,10,29,14,1185,67,74,6,1,58,6.39,147,-1.3
7145,Aaron Morris,82,0,5,3,87.2,379,339,85,48,22,1,14,37,37,31,4,113,5,3.80,.330,1.32,11.6,3.2,1.4,3.6,21.6,1,3,4,1,0,3,40,13,1394,71,73,2,2,114,3.77,87,0.9
6678,Chris Moxley,63,0,4,4,61.1,249,224,50,33,10,0,7,21,21,24,3,74,1,3.08,.301,1.21,10.9,3.5,1.0,3.1,20.1,0,0,0,0,0,5,21,3,972,49,51,0,2,140,3.32,76,1.2
6831,Eddie Munguia,71,0,2,8,75.0,310,281,64,44,11,2,7,23,23,25,6,100,1,2.76,.322,1.19,12.0,3.0,0.8,4.0,24.2,0,3,4,0,0,6,13,3,1159,54,62,2,1,157,2.52,58,2.1
6435,Kyle Nall,63,0,8,8,79.0,409,314,91,58,15,2,16,78,75,84,0,88,7,8.54,.352,2.22,10.0,9.6,1.8,1.0,1.0,1,3,10,1,0,7,44,12,1637,51,83,5,2,51,7.03,162,-2.2
6804,Josh Natale,63,0,6,5,62.0,264,234,57,37,12,1,7,23,22,23,7,60,1,3.19,.294,1.29,8.7,3.3,1.0,2.6,14.0,3,3,5,0,0,5,24,8,982,57,63,4,0,136,3.53,81,1.0
7045,Jonathan Newsom,51,0,2,2,40.2,209,167,52,34,7,0,11,33,32,40,0,38,1,7.08,.345,2.26,8.4,8.9,2.4,0.9,-1.0,0,1,5,0,0,5,25,10,843,31,44,1,1,61,7.85,181,-1.5
6471,Will Nick,85,0,7,2,88.0,387,340,83,52,15,4,12,51,48,40,9,90,2,4.91,.293,1.40,9.2,4.1,1.2,2.2,12.9,1,4,2,2,0,6,61,21,1445,73,93,9,1,88,4.03,93,0.7
6496,Jarrett O'Connor,58,0,4,4,73.2,310,282,65,44,10,1,10,28,26,21,2,44,5,3.18,.240,1.17,5.4,2.6,1.2,2.1,7.4,1,1,2,0,0,5,23,8,1083,81,90,6,1,136,4.72,109,-0.1
6987,Dustin Obenhaus,56,0,2,4,55.0,292,220,63,31,8,2,22,75,74,71,0,64,0,12.11,.304,2.44,10.5,11.6,3.6,0.9,-2.4,0,1,9,1,0,6,30,15,1257,43,49,3,1,36,9.92,229,-3.3
6930,Elliot Olson,73,0,4,2,85.2,363,327,80,47,14,2,17,50,45,27,2,51,6,4.73,.241,1.25,5.4,2.8,1.8,1.9,6.6,1,2,5,2,0,8,38,10,1298,99,98,3,0,92,5.65,130,-1.0
6575,Cesar Ortiz,28,0,1,2,13.2,59,50,10,6,2,0,2,7,6,8,0,17,1,3.95,.258,1.32,11.2,5.3,1.3,2.1,15.3,0,0,1,0,0,1,22,3,243,8,14,0,1,110,4.56,105,0.0
7174,Matt Overbeck,67,0,8,5,71.0,287,263,54,40,7,1,6,28,27,20,4,76,2,3.42,.262,1.04,9.6,2.5,0.8,3.8,19.5,0,2,2,0,0,4,7,5,1049,71,61,4,0,126,2.89,66,1.7
7226,Nate Palumbo,69,0,1,9,70.2,303,277,78,47,12,2,17,43,43,21,1,60,1,5.48,.302,1.40,7.6,2.7,2.2,2.9,12.9,2,2,1,1,0,5,20,2,1085,80,63,2,4,79,5.49,126,-0.9
7015,Ryan Patterson,57,0,2,3,55.2,259,213,53,31,11,0,11,33,33,42,1,48,2,5.34,.269,1.71,7.8,6.8,1.8,1.1,2.3,0,2,2,0,0,3,18,7,1012,45,67,4,2,81,6.34,146,-1.5
6939,Benny Pearson,63,0,1,1,58.1,274,234,71,35,16,1,19,54,51,27,0,61,6,7.87,.327,1.68,9.4,4.2,2.9,2.3,12.4,1,5,5,0,1,6,45,14,1072,42,65,1,0,55,7.01,162,-1.6
6759,Jake Pelletier,67,0,3,7,70.2,293,269,70,51,7,5,7,28,27,19,4,42,1,3.44,.281,1.26,5.3,2.4,0.9,2.2,7.8,0,4,0,0,0,7,23,5,1029,70,91,0,1,126,3.95,91,0.6
7169,Steve Pelt,64,0,4,3,68.1,311,278,81,55,18,1,7,36,34,29,4,71,3,4.48,.370,1.61,9.4,3.8,0.9,2.4,13.5,1,0,2,0,0,7,10,1,1190,60,64,5,0,97,3.66,84,1.0
6469,Ryan Pocock,57,0,2,1,66.1,314,249,56,37,10,2,7,40,37,56,0,70,6,5.02,.282,1.69,9.5,7.6,0.9,1.2,4.5,1,2,7,0,0,5,40,14,1273,60,62,3,0,86,5.24,121,-0.5
7043,Cameron Postell,53,0,2,2,79.0,356,315,87,38,21,1,27,62,59,37,1,73,2,6.72,.276,1.57,8.3,4.2,3.1,2.0,10.1,0,2,4,0,0,5,40,15,1313,80,76,5,1,64,7.21,166,-2.4
6938,C.J. Powell,54,0,4,0,81.2,360,315,88,59,21,1,7,48,44,29,0,30,8,4.85,.283,1.43,3.3,3.2,0.8,1.0,0.3,0,8,4,0,0,7,42,16,1312,92,110,8,0,89,4.91,113,-0.3
6521,Jaden Powell,26,0,1,0,30.2,145,123,36,18,8,2,8,27,24,20,0,30,2,7.04,.329,1.83,8.8,5.9,2.3,1.5,6.9,0,0,1,0,0,6,17,5,564,24,31,0,1,61,6.76,156,-0.8
7253,Matt Price,61,0,2,1,67.1,282,251,60,42,6,1,11,33,31,25,3,76,1,4.14,.292,1.26,10.2,3.3,1.5,3.0,18.1,1,4,2,2,0,8,37,13,1047,56,59,3,1,104,4.07,93,0.4
6748,J.J. Pridgen,60,0,8,3,84.0,366,342,95,64,14,2,15,42,39,20,0,50,2,4.18,.288,1.37,5.4,2.1,1.6,2.5,8.2,1,1,4,1,0,7,34,11,1336,87,106,6,0,104,5.09,117,-0.5
6493,Josh Prock,37,0,1,0,15.1,66,58,14,12,2,0,0,2,2,5,1,10,2,1.17,.286,1.24,5.9,2.9,0.0,2.0,7.6,0,1,1,0,0,1,12,1,243,15,20,0,0,369,3.04,70,0.3
6701,Ron Ramsey,66,0,2,3,72.2,307,278,68,40,14,0,14,37,37,22,3,83,3,4.58,.295,1.24,10.3,2.7,1.7,3.8,19.9,2,2,5,0,0,6,30,9,1130,53,73,4,1,94,4.30,99,0.3
6725,John Reed,67,0,3,2,90.0,382,355,99,75,9,1,14,52,40,23,1,58,0,4.00,.296,1.36,5.8,2.3,1.4,2.5,9.2,0,4,3,1,0,15,18,10,1381,107,85,2,3,108,4.64,107,-0.0
7091,Jake Reh,39,0,1,0,53.0,232,206,60,38,12,2,8,30,30,21,0,44,4,5.09,.335,1.53,7.5,3.6,1.4,2.1,9.9,0,1,4,0,0,8,36,13,823,49,54,3,0,85,4.89,112,-0.2
6967,Mike Reilly,34,0,1,1,11.0,55,49,15,13,0,0,2,8,7,6,0,11,0,5.73,.361,1.91,9.0,4.9,1.6,1.8,9.1,0,0,0,0,0,0,17,3,202,12,10,0,0,76,5.17,119,-0.1
6811,Bill Rendon,65,0,6,1,68.1,264,236,39,27,6,3,3,21,20,24,0,69,0,2.63,.216,0.92,9.1,3.2,0.4,2.9,17.0,1,3,3,0,0,8,22,4,1071,65,61,1,1,164,2.78,64,1.5
6467,Kevin Richards,55,0,4,3,57.2,291,241,71,45,14,0,12,53,51,47,2,48,2,7.96,.326,2.05,7.5,7.3,1.9,1.0,0.3,1,0,6,0,0,5,37,8,1107,57,61,6,2,54,6.66,153,-1.4
7070,Antonio Rivas,69,0,4,4,73.0,318,274,68,43,17,0,8,38,36,38,1,80,2,4.44,.316,1.45,9.9,4.7,1.0,2.1,13.2,0,4,4,0,0,9,39,10,1220,58,71,6,0,98,4.01,92,0.6
7149,Manny Rivera,69,0,2,5,72.1,305,279,66,43,13,0,10,34,32,20,4,82,5,3.98,.298,1.19,10.2,2.5,1.2,4.1,20.3,0,1,3,0,0,3,28,6,1159,65,65,1,1,109,3.57,82,0.9
6597,Rich Rizk,79,0,4,5,69.2,304,263,57,35,9,3,10,38,32,38,3,89,0,4.13,.285,1.36,11.5,4.9,1.3,2.3,16.8,2,1,5,3,0,3,18,6,1195,64,55,2,0,105,3.99,92,0.6
6883,Bob Robeson,48,0,5,1,69.1,318,281,80,49,15,4,12,50,44,32,0,69,5,5.71,.340,1.62,9.0,4.2,1.6,2.2,11.6,0,0,3,0,0,10,34,13,1211,61,67,3,1,76,5.03,116,-0.3
7201,Chris Rowen,59,0,4,2,60.2,265,229,48,33,9,1,5,24,23,35,2,77,0,3.41,.291,1.37,11.4,5.2,0.7,2.2,15.8,0,1,4,0,0,2,35,5,1080,38,65,7,0,127,3.34,77,1.0
7198,Jordan Ruble,63,0,6,1,60.1,253,235,59,44,6,0,9,26,26,17,0,58,1,3.88,.298,1.26,8.7,2.5,1.3,3.4,16.2,0,0,2,0,0,7,18,4,965,60,56,1,0,112,4.09,94,0.5
6877,Tyler Ruf,54,0,6,5,78.0,330,304,78,54,15,1,8,29,28,24,1,51,2,3.23,.286,1.31,5.9,2.8,0.9,2.1,8.2,0,0,3,1,0,10,13,3,1216,90,81,5,1,134,4.16,96,0.6
7166,C.J. Russell,53,0,6,1,91.1,413,351,89,61,19,2,7,53,50,44,0,45,14,4.93,.271,1.46,4.4,4.3,0.7,1.0,0.2,0,4,5,0,0,11,37,9,1439,96,119,4,1,88,5.09,117,-0.5
7044,Charlie Sakmar,68,0,1,1,65.2,238,219,26,12,5,0,9,13,13,17,1,95,0,1.78,.145,0.65,13.0,2.3,1.2,5.6,32.8,0,2,0,0,0,4,40,11,953,44,53,1,0,243,2.79,64,1.5
6591,Roberto Salazar,56,0,4,1,83.2,381,334,97,68,18,1,10,40,39,39,1,30,4,4.20,.293,1.63,3.2,4.2,1.1,0.8,-2.4,1,3,3,0,0,11,38,12,1298,97,111,3,1,103,5.52,127,-0.9
6547,Jose Salgado,54,0,6,4,51.0,239,203,58,31,11,1,15,45,41,35,0,63,0,7.24,.344,1.82,11.1,6.2,2.6,1.8,11.7,1,0,2,0,0,6,33,7,927,44,39,3,0,60,6.59,152,-1.2
6570,Justin Santavicca,38,0,1,0,41.0,193,174,57,31,11,0,15,36,34,17,0,39,1,7.46,.347,1.80,8.6,3.7,3.3,2.3,11.4,0,1,5,0,0,5,35,14,730,32,45,1,0,58,7.34,169,-1.3
6837,Justin Savage,66,0,7,2,75.1,295,277,56,27,21,2,6,23,19,16,3,94,2,2.27,.282,0.96,11.2,1.9,0.7,5.9,26.4,0,0,2,0,0,7,23,8,1112,57,64,2,2,191,2.31,53,2.1
6935,Andy Schmit,70,0,3,0,66.2,278,253,59,36,8,1,14,36,34,24,0,71,0,4.59,.266,1.24,9.6,3.2,1.9,3.0,16.9,0,1,3,0,0,6,24,7,1062,51,68,3,3,94,4.85,112,-0.2
6629,Chris Searfoss,53,0,3,3,55.2,263,224,63,43,6,0,14,41,35,31,0,42,5,5.66,.288,1.69,6.8,5.0,2.3,1.4,4.2,1,2,4,0,0,4,34,6,981,58,60,2,2,76,6.87,158,-1.5
7170,Zach Shaver,71,0,5,2,77.0,359,308,90,65,18,1,6,58,56,44,1,33,3,6.55,.309,1.74,3.9,5.1,0.7,0.8,-3.1,1,3,5,0,0,11,33,9,1235,106,80,7,0,66,5.12,118,-0.5
6781,John Sliger,66,0,2,2,64.1,258,233,43,28,9,0,6,19,19,23,1,66,1,2.66,.228,1.03,9.2,3.2,0.8,2.9,16.7,0,1,2,0,0,4,12,4,982,66,56,1,0,163,3.41,78,1.0
6623,Danny Smart,37,0,0,4,15.0,74,70,25,12,7,2,4,11,10,4,2,11,0,6.00,.382,1.93,6.6,2.4,2.4,2.8,9.5,0,0,2,0,0,1,16,3,280,15,17,0,1,72,5.57,128,-0.2
6863,Adrian Smith,54,0,0,0,67.2,315,261,63,29,20,1,13,45,44,47,0,57,7,5.85,.262,1.63,7.6,6.3,1.7,1.2,3.2,0,0,5,0,0,6,25,11,1246,64,74,1,0,74,6.38,147,-1.4
6884,Phil Smith,61,0,1,2,63.2,278,256,76,40,17,0,19,48,48,15,1,57,5,6.79,.313,1.43,8.1,2.1,2.7,3.8,15.1,0,2,3,0,0,6,30,15,1033,52,73,2,1,64,6.16,142,-1.2
6680,Gary Solano,52,0,2,1,68.0,285,260,68,48,17,0,3,27,25,22,0,34,2,3.31,.290,1.32,4.5,2.9,0.4,1.5,4.2,0,1,1,0,0,11,15,3,981,92,64,4,0,131,3.81,87,0.7
6806,Victor Sotomayor,64,0,6,7,62.1,260,242,56,34,11,1,10,26,25,13,3,65,4,3.61,.274,1.11,9.4,1.9,1.4,5.0,20.0,0,1,3,0,0,0,11,3,990,70,51,2,0,120,3.85,88,0.7
6518,Cody Spatz,63,0,4,2,60.1,240,220,48,32,7,1,8,20,18,13,1,48,2,2.69,.238,1.01,7.2,1.9,1.2,3.7,14.6,1,4,2,0,0,3,42,12,891,67,60,5,2,161,4.00,92,0.4
6655,Chris Stanton,79,0,6,2,76.1,318,283,61,37,15,1,8,29,28,26,4,110,5,3.30,.315,1.14,13.0,3.1,0.9,4.2,26.4,0,3,1,1,1,4,18,9,1242,63,50,4,0,131,2.72,62,1.9
7195,Christian Stearns,19,0,0,0,5.2,23,22,4,3,0,0,1,3,2,0,0,5,1,3.18,.188,0.71,7.9,0.0,1.6,0.0,21.7,0,0,0,0,0,0,6,4,91,8,4,0,0,136,4.23,97,0.0
6785,Tom Stein,79,0,2,3,70.1,306,277,69,48,12,2,7,31,29,26,2,93,3,3.71,.350,1.35,11.9,3.3,0.9,3.6,21.9,0,0,4,1,0,4,39,11,1238,62,50,10,2,117,2.97,68,1.4
6885,Joe Stelzer,48,0,1,1,44.0,205,166,40,22,9,0,9,26,25,35,0,51,1,5.11,.290,1.70,10.4,7.2,1.8,1.5,7.8,2,1,2,0,0,4,29,10,826,35,42,4,0,85,5.97,137,-0.7
7119,William Strand,73,0,1,3,74.1,321,274,61,43,11,2,5,34,32,42,0,85,1,3.87,.299,1.39,10.3,5.1,0.6,2.0,13.4,0,3,8,0,1,5,33,6,1239,66,64,2,2,112,3.50,80,1.1
7193,Tanner Svidler,43,0,4,2,70.0,321,285,81,45,11,2,23,54,47,35,1,61,0,6.04,.287,1.66,7.8,4.5,3.0,1.7,8.1,0,1,4,0,0,6,29,7,1169,65,77,2,0,72,7.16,165,-2.0
6750,Chris Sweeney,69,0,4,10,73.1,324,281,77,44,12,0,21,55,55,38,1,74,1,6.75,.298,1.57,9.1,4.7,2.6,1.9,11.1,2,2,7,0,0,9,26,10,1236,65,68,4,1,64,6.43,148,-1.8
6783,Cory Sweeney,55,0,2,0,58.0,278,225,59,42,6,5,6,33,33,47,0,43,3,5.12,.298,1.83,6.7,7.3,0.9,0.9,-1.4,1,2,8,1,0,8,29,10,1099,50,73,3,0,85,5.62,129,-0.7
6887,Mario Talamantes,60,0,5,3,65.2,279,252,63,30,16,1,16,38,35,23,1,58,3,4.80,.263,1.31,7.9,3.2,2.2,2.5,12.5,0,1,2,1,0,10,35,9,1045,61,67,4,1,90,5.72,132,-0.9
6911,Matt Tanner,63,0,2,3,54.1,243,207,49,35,8,0,6,38,37,34,3,44,1,6.13,.272,1.53,7.3,5.6,1.0,1.3,4.1,0,1,3,0,0,2,8,2,955,58,57,6,3,71,4.76,109,-0.1
7217,Bryan Tarnowski,56,0,1,1,81.0,409,355,133,85,32,1,15,76,73,46,0,33,2,8.11,.377,2.21,3.7,5.1,1.7,0.7,-3.2,0,6,2,0,0,15,40,14,1524,90,102,3,2,53,6.54,151,-1.8
6906,Paul Taylor,70,0,2,6,97.1,438,393,110,82,16,2,10,51,45,42,0,77,2,4.16,.326,1.56,7.1,3.9,0.9,1.8,8.0,0,1,11,1,0,6,48,16,1628,96,104,14,2,104,4.28,98,0.4
7088,Andrew Thomson,79,0,2,7,96.0,453,392,115,76,14,2,23,75,73,42,0,85,13,6.84,.319,1.64,8.0,3.9,2.2,2.0,9.5,1,4,8,0,1,7,39,8,1674,88,101,2,2,63,6.24,144,-1.8
6913,Jason Thurston,63,0,4,11,66.2,288,257,69,43,14,3,9,39,37,25,4,60,2,4.99,.314,1.41,8.1,3.4,1.2,2.4,12.2,1,3,5,0,0,5,36,5,1051,69,62,9,3,87,4.16,96,0.5
6442,Jaime Tilley,83,0,2,9,74.1,337,295,81,47,9,3,22,48,47,32,0,97,8,5.69,.335,1.52,11.7,3.9,2.7,3.0,19.3,2,0,2,0,0,5,36,9,1303,53,65,6,1,76,6.03,139,-1.3
6651,Pete Topham,53,0,3,0,23.0,89,84,17,12,4,1,0,7,6,4,0,23,1,2.35,.279,0.91,9.0,1.6,0.0,5.8,21.3,0,0,2,0,0,4,34,3,337,25,18,0,0,184,1.83,42,0.8
6835,Luis Torres,38,0,2,2,47.1,215,180,46,31,4,1,10,31,30,30,0,33,1,5.70,.257,1.61,6.3,5.7,1.9,1.1,1.4,1,3,7,0,0,7,22,8,813,39,62,3,0,76,6.49,149,-1.0
6441,Jerry Trapp,43,0,4,1,19.1,89,83,26,15,5,0,6,15,15,6,0,26,0,6.98,.392,1.66,12.1,2.8,2.8,4.3,22.5,0,0,3,0,0,2,24,7,361,17,13,0,0,62,5.45,125,-0.2
6732,Ethan Upson,68,0,2,1,69.0,314,275,70,45,15,1,9,34,33,35,4,68,2,4.30,.307,1.52,8.9,4.6,1.2,1.9,10.5,1,1,4,0,0,3,26,12,1141,62,74,1,0,101,4.33,100,0.2
6703,Andy Vance,33,1,1,0,52.1,222,201,48,33,6,2,7,22,19,17,0,26,4,3.27,.244,1.24,4.5,2.9,1.2,1.5,4.1,0,0,4,1,0,7,22,5,817,76,47,3,1,132,5.12,118,-0.3
7035,Brian Vancil,63,0,2,4,74.0,357,286,75,48,16,1,10,55,50,63,0,69,4,6.08,.311,1.86,8.4,7.7,1.2,1.1,1.7,2,2,4,1,0,5,25,6,1459,59,87,3,1,71,5.78,133,-1.0
6808,Brendan Vaughn,30,0,1,2,54.2,235,213,51,30,15,0,6,28,27,20,1,55,1,4.45,.294,1.30,9.1,3.3,1.0,2.8,14.9,0,1,2,0,0,1,24,5,864,52,55,0,0,97,3.69,85,0.6
6548,Tony Vazquez,73,0,3,1,80.2,331,296,66,48,11,1,6,26,25,31,0,74,1,2.79,.274,1.20,8.3,3.5,0.7,2.4,13.0,0,3,4,0,0,8,51,20,1252,75,82,1,1,155,3.50,80,1.2
7147,Paul Veatch,21,0,0,0,7.2,45,34,12,9,1,0,2,11,11,9,0,9,1,12.91,.417,2.74,10.6,10.6,2.3,1.0,0.0,0,1,1,0,0,0,11,5,180,4,10,0,0,34,8.13,187,-0.3
6444,Dan Veilleux,67,0,0,3,70.1,328,272,72,43,13,0,16,60,58,54,0,54,0,7.42,.275,1.79,6.9,6.9,2.0,1.0,0.0,0,2,10,0,0,8,38,19,1222,61,85,5,1,58,6.90,159,-1.9
7017,Jeff Vickery,64,0,3,2,73.1,329,289,81,41,14,1,25,58,55,34,1,71,4,6.75,.287,1.57,8.7,4.2,3.1,2.1,11.2,0,2,1,0,0,11,40,13,1196,69,68,2,1,64,7.18,165,-2.2
6674,Felix Villalpando,64,0,3,3,68.0,289,263,67,42,16,1,8,28,28,24,0,67,2,3.71,.314,1.34,8.9,3.2,1.1,2.8,14.9,0,0,7,0,0,6,34,5,1044,57,71,2,1,117,3.88,89,0.6
6960,Jason Voth,85,0,7,1,67.0,272,242,45,31,7,2,5,19,19,25,1,96,4,2.55,.282,1.04,12.9,3.4,0.7,3.8,26.1,0,1,4,0,0,2,33,8,1100,45,54,2,4,170,2.53,58,1.7
6941,Walt Ward,65,0,3,3,87.1,404,349,101,66,21,0,14,64,58,41,0,29,8,5.98,.279,1.63,3.0,4.2,1.4,0.7,-3.0,0,6,3,0,0,10,33,15,1434,97,118,3,1,72,6.28,145,-1.7
6827,Daniel Washington,51,0,2,4,77.2,341,295,76,49,16,5,6,38,36,35,2,48,4,4.17,.285,1.43,5.6,4.1,0.7,1.4,3.8,2,5,4,0,0,7,28,4,1281,91,82,9,3,104,4.37,100,0.2
6545,Mike Watkins,35,0,2,2,50.2,225,197,56,33,12,3,8,41,37,20,0,39,6,6.57,.316,1.50,6.9,3.6,1.4,1.9,8.4,0,2,2,1,0,8,19,6,813,48,54,1,1,66,5.23,120,-0.4
6577,Kenny Weber,39,0,1,2,46.1,238,187,53,24,14,0,15,50,45,44,0,43,3,8.74,.288,2.09,8.4,8.5,2.9,1.0,-0.4,1,3,1,0,0,2,21,7,908,44,49,0,0,50,8.57,197,-2.1
7123,George White,73,0,1,6,70.0,319,279,82,52,16,3,11,41,39,36,0,42,2,5.01,.311,1.69,5.4,4.6,1.4,1.2,1.9,0,2,4,0,0,8,40,12,1153,84,72,4,1,86,5.65,130,-0.9
6800,Eric Wollerman,78,0,5,1,87.1,361,335,89,64,11,2,12,44,43,17,1,49,6,4.43,.278,1.21,5.0,1.8,1.2,2.9,8.9,0,3,4,0,0,6,45,17,1236,93,106,6,4,98,4.59,106,0.0
7096,Jeremy Woods,68,0,6,6,60.1,275,246,73,46,10,1,16,40,38,22,2,73,4,5.67,.361,1.57,10.9,3.3,2.4,3.3,18.5,1,1,6,0,1,3,26,12,1060,44,57,1,0,76,5.39,124,-0.8
6620,Joel Youngs,62,0,6,2,85.1,386,327,80,46,15,1,18,51,47,54,0,50,3,4.96,.238,1.57,5.3,5.7,1.9,0.9,-1.0,0,2,9,0,0,11,43,12,1432,93,101,6,1,87,6.75,155,-2.1
7113,Aaron Anderson,33,33,4,21,162.2,750,680,208,126,45,2,35,126,119,50,0,146,11,6.58,.342,1.59,8.1,2.8,1.9,2.9,12.8,2,7,13,0,0,13,0,0,2856,176,150,8,3,66,5.30,122,0.4
6731,Branden Anderson,33,33,15,10,188.0,767,693,149,92,31,6,20,65,63,63,1,186,8,3.02,.263,1.13,8.9,3.0,1.0,3.0,16.0,0,3,2,0,0,18,0,0,2868,177,174,5,4,144,3.70,85,4.0
6833,Dusty Anderson,32,32,3,16,136.2,685,531,155,92,22,2,39,122,116,131,0,100,8,7.64,.289,2.09,6.6,8.6,2.6,0.8,-4.5,6,9,7,2,0,16,0,0,2656,123,159,18,5,57,8.47,195,-4.0
6826,Jody Anglin,32,32,7,18,161.1,743,624,172,112,34,3,23,122,106,97,0,128,14,5.91,.311,1.67,7.1,5.4,1.3,1.3,4.2,2,6,8,0,0,25,0,0,2836,168,152,24,6,73,5.50,127,0.0
7244,Rich Arnold,32,32,11,14,186.2,797,724,190,112,42,4,32,106,105,50,4,209,13,5.06,.321,1.29,10.1,2.4,1.5,4.2,19.9,1,9,4,0,0,13,0,0,2966,160,168,12,7,86,4.11,94,3.0
6600,Chris Atkinson,33,33,12,9,182.0,741,668,149,97,25,6,21,76,73,67,0,185,1,3.61,.276,1.19,9.1,3.3,1.0,2.8,15.9,4,1,8,0,0,16,0,0,2831,177,156,13,7,120,3.76,86,3.7
6747,Jose Barajas,33,33,9,14,208.0,863,795,199,142,37,2,18,86,79,54,1,208,5,3.42,.315,1.22,9.0,2.3,0.8,3.9,17.8,4,5,4,1,0,15,0,0,3237,221,166,7,8,127,3.14,72,5.9
6801,Chris Bauer,33,33,11,11,203.1,830,756,172,112,37,6,17,76,72,54,2,189,11,3.19,.279,1.11,8.4,2.4,0.8,3.5,16.3,4,5,8,1,0,14,0,0,3154,211,183,8,4,136,3.33,76,5.3
7225,Josh Beals,32,32,6,13,160.2,662,598,134,93,23,2,16,79,73,53,0,151,7,4.09,.273,1.16,8.5,3.0,0.9,2.8,14.8,2,2,3,0,0,10,0,0,2582,164,147,13,5,106,3.71,85,3.4
6784,Jeff Becker,33,33,11,14,185.1,775,718,180,119,39,5,17,74,73,48,0,207,3,3.54,.329,1.23,10.1,2.3,0.8,4.3,20.5,4,2,6,0,0,9,0,0,2923,165,169,10,3,122,2.96,68,5.7
7163,Bill Bell,32,32,15,9,179.2,789,725,227,147,43,5,32,112,105,42,0,66,11,5.26,.307,1.50,3.3,2.1,1.6,1.6,3.0,1,9,9,0,1,23,0,0,2855,230,204,15,6,82,5.64,130,-0.2
6487,Jacob Berry,33,33,11,18,204.0,839,768,182,115,42,2,23,99,96,53,2,188,8,4.24,.283,1.15,8.3,2.3,1.0,3.5,16.1,5,5,5,0,0,16,0,0,3071,187,216,8,2,102,3.66,84,4.4
7197,Joe Billings,32,32,14,6,189.2,774,714,175,134,27,2,12,54,52,50,0,176,5,2.47,.308,1.19,8.4,2.4,0.6,3.5,16.3,0,4,3,0,1,19,0,0,2878,181,180,6,9,175,3.01,69,5.7
7138,Aiden Brice,33,33,8,16,201.0,838,773,191,122,42,3,24,89,85,48,0,196,11,3.81,.301,1.19,8.8,2.1,1.1,4.1,17.7,4,2,17,0,0,17,0,0,3153,216,171,6,3,114,3.66,84,4.4
6438,Phil Brogan,32,32,12,12,177.1,777,677,170,111,39,5,15,92,90,92,0,135,6,4.57,.293,1.48,6.9,4.7,0.8,1.5,5.5,0,2,5,2,0,21,0,0,2937,188,178,7,4,95,4.41,101,2.2
7086,Nate Broome,32,32,15,6,175.2,746,670,162,109,28,8,17,66,61,62,0,154,6,3.13,.288,1.28,7.9,3.2,0.9,2.5,12.3,3,5,5,0,0,15,0,0,2694,166,186,17,2,139,3.84,88,3.4
7249,Matt Burd,32,32,12,8,168.1,728,640,155,93,48,2,12,88,85,75,0,129,7,4.54,.284,1.37,6.9,4.0,0.6,1.7,7.4,2,4,12,0,0,19,0,0,2776,180,172,11,3,95,4.03,93,2.9
6568,Charlie Burke,33,33,12,12,223.0,894,835,189,125,33,6,25,76,68,43,1,232,8,2.74,.282,1.04,9.4,1.7,1.0,5.4,21.1,5,3,3,0,0,20,0,0,3291,242,167,3,5,158,3.22,74,6.1
7009,Jay Burton,33,33,15,8,205.1,846,780,179,115,42,4,18,74,70,55,0,201,8,3.07,.286,1.14,8.8,2.4,0.8,3.7,17.3,2,1,3,0,0,14,0,0,3243,215,178,17,6,141,3.28,75,5.5
6825,Jim Cameron,33,33,18,6,243.1,935,875,180,128,29,4,19,64,61,43,0,142,7,2.26,.223,0.92,5.3,1.6,0.7,3.3,10.6,2,8,5,2,0,34,0,0,3212,293,255,18,4,192,3.64,84,5.3
6514,Milt Cameron,33,33,17,9,202.0,853,778,192,140,31,1,20,88,81,54,0,171,16,3.61,.292,1.22,7.6,2.4,0.9,3.2,13.7,2,3,6,2,0,15,0,0,3174,210,201,21,5,120,3.81,87,4.0
7141,Jared Campbell,32,32,5,17,135.2,648,568,174,106,27,4,37,120,115,72,0,124,4,7.63,.335,1.81,8.2,4.8,2.5,1.7,8.0,2,2,9,3,0,10,0,0,2476,113,156,17,3,57,6.57,151,-1.5
7137,Pablo Carranza,33,33,10,14,211.2,907,838,228,168,37,5,18,110,106,52,0,156,9,4.51,.314,1.32,6.6,2.2,0.8,3.0,11.5,4,4,12,0,0,21,0,0,3144,243,209,8,3,96,3.67,84,4.6
7242,Roger Caton,33,33,15,11,212.2,855,800,180,118,37,7,18,78,71,42,3,200,6,3.00,.276,1.04,8.5,1.8,0.8,4.8,18.5,2,5,8,0,0,9,0,0,3217,210,206,19,9,144,3.03,69,6.4
6723,John Cauthen,33,33,15,12,202.2,848,776,191,120,50,1,20,95,85,55,0,185,10,3.77,.296,1.21,8.2,2.4,0.9,3.4,15.3,1,6,6,0,0,18,0,0,3174,215,178,12,7,115,3.59,83,4.6
6539,Julio Cazares,33,33,11,11,206.0,862,800,204,146,36,0,22,88,86,53,0,210,5,3.76,.319,1.25,9.2,2.3,1.0,4.0,18.2,2,2,4,0,0,17,0,0,3253,212,165,24,8,115,3.37,77,5.2
6696,Jeff Chaffin,32,32,12,13,188.2,798,736,192,126,35,4,27,94,83,52,0,121,3,3.96,.279,1.29,5.8,2.5,1.3,2.3,8.6,3,3,6,0,1,20,0,0,2891,219,199,3,1,109,4.63,106,1.9
6541,Matt Chambers,33,33,20,5,208.1,850,780,188,129,39,6,14,69,66,54,0,200,6,2.85,.305,1.16,8.6,2.3,0.6,3.7,17.2,5,5,6,0,0,18,0,0,3176,200,198,12,2,152,2.99,69,6.4
6488,Ryan Chillemi,32,32,10,8,149.1,678,582,160,98,29,5,28,105,97,91,0,129,1,5.85,.308,1.68,7.8,5.5,1.7,1.4,5.6,0,4,12,0,0,19,0,0,2548,131,160,9,4,74,5.73,132,-0.4
6799,Matt Chrisman,32,32,6,13,164.1,714,635,169,111,24,4,30,103,97,61,0,78,9,5.31,.260,1.40,4.3,3.3,1.6,1.3,2.4,2,7,14,0,0,19,0,0,2598,203,183,8,7,81,5.88,135,-0.6
6722,Ben Cisneros,32,32,11,10,158.0,705,610,155,86,27,3,39,101,97,79,0,176,11,5.53,.291,1.48,10.0,4.5,2.2,2.2,13.8,2,3,2,1,0,13,0,0,2761,129,151,19,3,78,5.86,135,-0.6
7219,Tim Clipperton,33,33,15,7,215.0,872,810,195,134,32,6,23,73,70,48,1,201,5,2.93,.292,1.13,8.4,2.0,1.0,4.2,17.5,6,3,8,0,0,25,0,0,3133,211,205,15,2,148,3.42,79,5.3
7245,John Curry,33,33,11,10,208.2,856,784,185,124,36,2,23,79,74,60,3,175,5,3.19,.275,1.17,7.5,2.6,1.0,2.9,13.4,3,4,6,0,0,15,0,0,3169,215,207,19,8,136,3.82,88,4.1
7037,Brandon Czaja,32,32,14,11,190.0,815,735,182,130,32,3,17,89,81,65,0,204,8,3.84,.319,1.30,9.7,3.1,0.8,3.1,17.1,4,3,6,0,0,9,0,0,3110,162,186,7,4,113,3.34,77,4.9
7111,Jason Del Monaco,32,32,9,11,189.0,808,734,188,117,38,4,29,85,81,58,3,230,11,3.86,.333,1.30,11.0,2.8,1.4,4.0,21.3,2,3,6,2,0,16,0,0,3028,148,166,4,3,112,3.78,87,3.8
7216,Ryan DeSalvo,33,33,12,9,201.1,851,774,175,104,34,9,28,100,92,70,0,227,6,4.11,.283,1.22,10.1,3.1,1.3,3.2,18.4,0,1,7,2,0,13,0,0,3204,206,153,8,5,105,3.86,89,3.8
6959,Matt Dunlap,32,32,5,11,145.1,682,580,165,106,29,2,28,104,101,88,0,144,7,6.25,.333,1.74,8.9,5.4,1.7,1.6,8.2,3,4,5,0,0,10,0,0,2621,124,147,11,6,69,5.66,130,-0.3
6699,Jimmy Eary,32,32,7,10,180.2,766,679,165,104,32,1,28,93,89,67,1,135,9,4.43,.262,1.28,6.7,3.3,1.4,2.0,8.9,5,6,4,0,0,22,0,0,2744,189,193,7,3,98,4.94,114,1.1
6805,Ian Ellerbe,32,32,10,10,179.0,768,670,156,98,35,1,22,80,77,84,0,140,6,3.87,.261,1.34,7.0,4.2,1.1,1.7,7.3,2,6,9,0,0,12,0,0,2791,176,199,6,8,112,4.72,108,1.6
6724,Cameron Fisher,32,32,9,13,188.0,827,754,222,144,47,7,24,125,111,53,0,68,6,5.31,.295,1.46,3.3,2.5,1.1,1.3,1.8,4,10,11,0,0,25,0,0,2814,225,242,25,2,81,5.05,116,0.9
6593,Jeff Ford,33,33,14,6,219.1,874,831,190,123,31,5,31,84,72,35,0,219,4,2.95,.273,1.03,9.0,1.4,1.3,6.3,21.1,3,1,7,1,0,19,0,0,3207,212,205,19,2,147,3.55,81,5.1
7175,Dan Foster,32,32,5,12,152.0,720,624,199,121,38,5,35,129,119,82,0,85,4,7.05,.322,1.85,5.0,4.9,2.1,1.0,0.4,5,5,13,1,0,16,0,0,2733,159,183,4,6,61,6.75,155,-2.0
6889,Randy Francis,33,33,9,7,190.2,817,742,185,129,37,4,15,86,77,58,0,195,12,3.63,.317,1.27,9.2,2.7,0.7,3.4,16.8,1,4,13,0,0,18,0,0,3028,166,190,9,2,119,3.25,75,5.1
7059,Kyle Frandsen,33,33,12,12,198.2,851,773,201,133,49,3,16,91,84,62,0,212,7,3.81,.336,1.32,9.6,2.8,0.7,3.4,17.6,3,6,12,0,0,12,0,0,3177,192,166,9,6,114,3.13,72,5.7
6855,Cesar Garcia,32,32,17,6,196.0,839,766,200,127,42,3,28,95,94,52,2,188,15,4.32,.310,1.29,8.6,2.4,1.3,3.6,16.2,1,5,5,2,0,17,0,0,3085,194,182,6,3,100,4.11,94,3.1
6470,Scott Gast,32,32,10,9,165.0,728,630,153,90,38,3,22,98,84,88,0,125,4,4.58,.268,1.46,6.8,4.8,1.2,1.4,5.1,1,5,12,0,0,20,0,0,2790,167,176,29,6,94,5.06,117,0.8
7007,Bobby Gavino,33,33,16,7,215.0,868,808,190,131,38,2,19,82,73,53,0,187,4,3.06,.283,1.13,7.8,2.2,0.8,3.5,15.4,0,3,9,1,0,17,0,0,3184,226,203,11,10,142,3.38,78,5.4
6851,Corey Geiling,33,33,16,5,213.0,883,815,208,145,43,4,16,74,68,54,3,206,3,2.87,.320,1.23,8.7,2.3,0.7,3.8,17.2,4,7,9,1,0,22,0,0,3299,223,181,20,4,151,2.98,68,6.6
7190,Chris Glaser,33,33,14,10,210.1,853,785,187,120,48,2,17,72,69,58,2,195,2,2.95,.293,1.16,8.3,2.5,0.7,3.4,16.1,1,7,6,0,0,23,0,0,3255,212,194,5,6,147,3.20,73,5.8
6828,Mike Glick,33,33,14,11,211.2,873,803,196,141,27,1,27,96,88,60,1,161,4,3.74,.274,1.21,6.8,2.6,1.1,2.7,11.6,4,2,7,1,0,28,0,0,3213,248,191,10,5,116,4.20,97,3.1
7033,Dave Goble,32,32,11,13,172.1,759,693,190,109,34,5,42,123,118,55,1,171,7,6.16,.306,1.42,8.9,2.9,2.2,3.1,15.3,0,3,3,1,1,9,0,0,2809,169,160,21,6,70,5.42,125,0.2
7010,Jordan Gonzalez,32,32,14,6,173.2,761,654,159,118,24,1,16,90,88,99,0,164,5,4.56,.300,1.49,8.5,5.1,0.8,1.7,8.5,1,2,4,0,0,17,0,0,2982,156,174,4,2,95,4.28,98,2.4
6645,Ryan Goodrich,32,32,8,16,167.0,733,647,176,100,39,2,35,108,105,73,0,147,9,5.66,.301,1.49,7.9,3.9,1.9,2.0,10.1,1,3,10,1,0,16,0,0,2765,162,161,7,10,76,5.61,129,-0.2
6983,James Grady,32,32,8,10,167.2,713,647,179,105,43,3,28,87,79,53,0,135,6,4.24,.309,1.38,7.2,2.8,1.5,2.5,11.5,2,5,10,0,0,24,0,0,2602,164,166,8,5,102,4.79,110,1.3
7200,Josh Grady,33,33,14,8,198.1,789,734,162,106,34,4,18,65,64,40,1,183,10,2.90,.270,1.02,8.3,1.8,0.8,4.6,18.1,4,1,7,0,0,21,0,0,2854,191,196,7,3,149,3.25,75,5.4
7063,Phil Groth,32,32,14,5,209.1,852,803,191,113,50,4,24,85,74,42,0,155,3,3.18,.266,1.11,6.7,1.8,1.0,3.7,13.3,0,4,1,0,0,14,0,0,3096,206,246,8,3,136,3.83,88,4.1
6982,Chris Gully,33,33,10,14,190.0,794,722,174,113,30,3,28,92,92,66,2,179,2,4.36,.281,1.26,8.5,3.1,1.3,2.7,14.2,0,4,14,0,0,17,0,0,2992,187,179,16,4,99,4.25,98,2.7
6516,Ben Hardtke,32,32,14,7,198.1,801,739,166,105,37,3,21,73,69,48,0,144,6,3.13,.251,1.08,6.5,2.2,1.0,3.0,12.0,4,4,8,0,0,14,0,0,2989,225,202,5,3,138,3.92,90,3.6
7189,Bob Hargrove,32,32,10,11,174.0,772,685,194,126,33,3,32,96,91,70,1,157,8,4.71,.323,1.52,8.1,3.6,1.7,2.2,11.3,4,5,4,0,0,15,0,0,2909,163,173,7,8,92,5.09,117,0.8
7215,Nate Heredia,32,32,6,14,158.0,723,666,224,142,43,5,34,118,115,47,0,56,6,6.55,.328,1.72,3.2,2.7,1.9,1.2,1.2,1,3,8,2,0,22,0,0,2493,196,189,15,7,66,6.27,144,-1.3
7139,Ben Hodge,32,32,5,16,136.1,681,571,182,117,39,2,24,140,140,89,0,83,13,9.24,.335,1.99,5.5,5.9,1.6,0.9,-0.9,0,8,5,0,0,12,0,0,2525,147,165,16,1,47,6.49,149,-1.4
6673,Jim Holden,32,32,14,7,192.1,792,709,160,97,32,1,30,89,87,66,1,182,10,4.07,.259,1.18,8.5,3.1,1.4,2.8,14.6,2,4,2,0,1,18,0,0,3069,181,185,4,6,106,4.48,103,2.2
6627,Alex Holton,33,33,12,10,190.1,789,732,183,118,45,1,19,81,73,49,3,175,1,3.45,.301,1.22,8.3,2.3,0.9,3.6,16.0,1,6,10,0,0,14,0,0,2897,192,182,7,2,125,3.37,77,4.8
6981,Ben Hood,33,33,14,5,219.1,858,807,172,116,26,5,25,73,70,41,0,266,5,2.87,.283,0.97,10.9,1.7,1.0,6.5,26.2,2,3,9,0,0,17,0,0,3304,208,162,4,3,151,2.86,66,7.1
7114,John Hunt,32,32,4,18,134.2,618,563,170,89,29,3,49,114,107,43,0,97,7,7.15,.288,1.58,6.5,2.9,3.3,2.3,8.7,2,3,5,0,0,7,0,0,2293,139,153,6,2,61,7.58,175,-2.9
6595,Alex Iglesias,32,32,6,11,163.1,751,683,227,150,44,5,28,126,119,50,0,40,9,6.56,.320,1.70,2.2,2.8,1.5,0.8,-1.3,3,6,11,0,0,23,0,0,2590,196,217,21,7,66,6.00,138,-0.8
6880,Tom Jensen,33,33,12,12,192.0,832,764,207,136,46,2,23,107,100,55,0,176,7,4.69,.323,1.36,8.2,2.6,1.1,3.2,14.5,2,4,12,2,0,19,0,0,3103,211,164,35,3,92,3.87,89,3.6
6492,Chuck Jenson,32,32,10,13,158.2,711,611,164,93,44,3,24,105,97,89,0,147,4,5.50,.314,1.59,8.3,5.0,1.4,1.7,8.2,1,6,6,0,0,13,0,0,2780,144,159,10,6,79,5.05,116,0.8
6905,Nate Johnson,32,32,5,18,170.0,760,686,206,127,40,3,36,125,119,56,2,148,6,6.30,.333,1.54,7.8,3.0,1.9,2.6,12.1,3,8,5,0,1,17,0,0,2823,156,180,23,6,69,5.24,121,0.5
6965,Ryan Johnson,32,32,11,11,171.1,728,672,167,108,29,3,27,89,73,45,0,184,7,3.83,.302,1.24,9.7,2.4,1.4,4.1,19.1,1,3,4,1,0,9,0,0,2769,159,153,8,4,113,3.99,92,3.0
6465,Rich Jones,32,32,4,18,165.2,727,647,173,98,32,3,40,110,99,69,0,184,5,5.38,.311,1.46,10.0,3.7,2.2,2.7,15.8,2,4,10,0,0,9,0,0,2761,132,159,16,9,80,5.43,125,0.1
6878,Steve Jones,32,32,13,10,184.2,794,731,195,134,36,5,20,97,85,46,0,184,5,4.14,.327,1.31,9.0,2.2,1.0,4.0,17.4,4,8,5,1,0,9,0,0,2992,167,185,17,6,104,3.42,78,4.6
7062,Steve Kennedy,32,32,11,10,194.0,824,745,186,122,33,5,26,88,83,63,0,195,10,3.85,.302,1.28,9.0,2.9,1.2,3.1,16.0,1,5,11,1,0,19,0,0,3097,190,168,11,8,112,4.03,93,3.3
6752,Travis Kezar,32,32,7,14,174.1,730,671,160,110,31,1,18,75,63,50,3,163,7,3.25,.289,1.20,8.4,2.6,0.9,3.3,15.5,1,1,6,2,0,19,0,0,2767,175,160,9,5,133,3.58,82,4.0
6721,Jonathan King,32,32,10,16,177.0,749,688,181,102,39,0,40,106,106,47,0,159,9,5.39,.286,1.29,8.1,2.4,2.0,3.4,15.0,1,4,4,0,0,16,0,0,2708,171,179,8,3,80,5.26,121,0.5
6670,Chris Krzyzewski,32,32,15,9,208.0,835,769,166,102,42,4,18,56,52,53,4,201,9,2.25,.268,1.05,8.7,2.3,0.8,3.8,17.7,1,2,4,1,1,16,0,0,3136,195,204,16,6,192,3.20,73,5.8
6491,Bill Kulp,33,33,14,5,221.2,877,798,158,101,27,4,26,68,65,61,2,291,10,2.64,.273,0.99,11.8,2.5,1.1,4.8,26.2,6,2,6,0,0,14,0,0,3318,170,185,8,3,164,3.01,69,6.8
7243,Eric Lahti,32,32,8,13,187.0,800,705,167,95,40,4,28,92,89,78,0,172,13,4.28,.275,1.31,8.3,3.8,1.3,2.2,11.8,3,1,4,0,0,22,0,0,2941,180,180,4,3,101,4.74,109,1.6
6572,Jason Latimer,32,32,11,9,175.0,736,650,157,101,28,1,27,79,77,69,0,182,9,3.96,.290,1.29,9.4,3.5,1.4,2.6,15.4,1,7,2,1,0,21,0,0,2800,155,158,13,5,109,4.44,102,2.1
6519,Todd Lawler,33,33,8,10,181.0,774,705,181,127,35,3,16,89,84,56,1,188,4,4.18,.326,1.31,9.3,2.8,0.8,3.4,17.1,4,5,7,0,0,11,0,0,2940,176,161,9,5,104,3.22,74,4.9
6669,Steve Lee,32,32,11,14,186.2,784,710,165,105,32,3,25,89,81,61,2,202,6,3.91,.287,1.21,9.7,2.9,1.2,3.3,18.0,2,5,6,0,0,10,0,0,2995,159,181,3,5,111,3.80,87,3.7
6777,Raul Lostaunau,32,32,9,14,201.0,845,773,191,135,30,4,22,87,83,55,2,192,9,3.72,.300,1.22,8.6,2.5,1.0,3.5,16.2,3,5,9,0,0,14,0,0,3139,197,191,12,5,116,3.61,83,4.5
6619,Travis Machado,32,32,4,13,150.2,681,606,169,95,32,1,41,112,110,60,0,137,9,6.57,.298,1.52,8.2,3.6,2.4,2.3,11.3,4,2,5,0,0,6,0,0,2603,154,147,11,4,66,6.27,144,-1.2
6985,Steve Martin,32,32,6,11,159.0,725,639,183,114,27,1,41,121,114,72,0,136,6,6.45,.304,1.60,7.7,4.1,2.3,1.9,8.8,2,5,11,0,1,14,0,0,2845,147,174,19,5,67,6.29,145,-1.3
6495,John Mathis,32,32,14,7,196.0,777,737,170,118,38,0,14,53,51,35,0,188,3,2.34,.292,1.05,8.6,1.6,0.6,5.4,19.7,2,0,6,0,0,11,0,0,2826,175,200,10,8,185,2.77,63,6.6
6672,Brian Matthie,34,34,20,13,215.2,881,797,174,126,32,2,14,74,72,67,1,231,12,3.00,.289,1.12,9.6,2.8,0.6,3.4,18.6,3,2,3,1,0,22,0,0,3305,208,181,11,2,144,2.96,68,6.7
6697,Matt May,32,32,17,8,216.1,857,790,161,108,32,2,19,54,52,54,1,203,9,2.16,.250,0.99,8.4,2.2,0.8,3.8,17.4,3,0,7,1,1,12,0,0,3187,237,185,13,7,200,3.30,76,5.7
6569,Marty Menke,33,33,14,12,223.2,873,810,173,102,46,4,21,80,75,45,0,213,6,3.02,.260,0.97,8.6,1.8,0.8,4.7,19.2,4,8,9,0,0,20,0,0,3264,228,198,6,6,143,3.17,73,6.3
7092,Zack Meyer,32,32,7,16,174.0,745,699,202,111,43,5,43,117,115,37,0,138,4,5.95,.304,1.37,7.1,1.9,2.2,3.7,13.6,0,5,11,1,0,12,0,0,2679,174,185,17,8,73,5.51,127,0.0
6852,Michael Mitchell,32,32,5,17,128.1,634,529,175,90,38,4,43,135,126,92,0,114,6,8.84,.349,2.08,8.0,6.5,3.0,1.2,3.5,1,6,10,0,0,15,0,0,2525,128,116,5,12,49,8.04,185,-3.3
6594,Casey Morgan,32,32,12,5,181.2,767,683,166,105,33,3,25,78,78,69,0,179,9,3.86,.292,1.29,8.9,3.4,1.2,2.6,14.3,2,4,5,1,0,17,0,0,2944,170,171,7,3,112,4.28,98,2.5
6439,John Myers,32,32,9,10,165.0,707,634,161,91,31,1,38,97,93,57,0,165,7,5.07,.282,1.32,9.0,3.1,2.1,2.9,15.3,3,5,7,0,1,10,0,0,2656,135,176,5,5,85,5.33,123,0.3
6542,Eric Noble,32,32,13,11,184.1,804,704,169,107,39,4,19,101,92,85,0,168,6,4.49,.286,1.38,8.2,4.2,0.9,2.0,10.3,1,8,4,1,0,14,0,0,3004,197,172,20,1,96,4.17,96,2.8
6931,Larry Norris,32,32,12,16,169.1,744,682,197,120,42,2,33,121,110,47,0,52,9,5.85,.273,1.44,2.8,2.5,1.8,1.1,0.7,2,4,5,1,0,19,0,0,2550,225,204,10,5,74,6.09,140,-1.0
7112,Cody O'Connell,32,32,5,16,159.1,750,683,220,137,36,2,45,126,124,54,0,132,7,7.00,.342,1.72,7.5,3.1,2.5,2.4,10.4,0,6,9,1,0,13,0,0,2704,166,161,16,3,62,6.34,146,-1.4
6695,Ricky Olague,32,32,14,8,210.1,836,757,144,92,33,1,18,72,68,66,1,281,6,2.91,.272,1.00,12.0,2.8,0.8,4.3,25.7,2,5,5,0,0,15,0,0,3164,186,145,8,1,149,2.63,60,7.6
6756,Bob Parker,33,33,7,13,185.1,772,723,182,118,36,2,26,87,80,41,0,158,4,3.88,.288,1.20,7.7,2.0,1.3,3.9,15.2,1,3,7,1,0,13,0,0,2805,193,184,15,3,111,4.02,92,3.2
6565,Mark Pascale,33,33,18,8,215.2,862,788,170,111,43,5,11,61,56,58,0,196,11,2.34,.272,1.06,8.2,2.4,0.5,3.4,16.0,2,3,6,0,0,23,0,0,3256,213,204,8,10,185,2.98,68,6.6
6437,Bill Penegar,33,33,8,16,188.1,796,707,177,116,39,6,16,86,83,72,1,164,7,3.97,.304,1.32,7.8,3.4,0.8,2.3,11.6,7,3,5,2,0,18,0,0,3042,201,170,11,7,109,3.78,87,3.8
7218,Mike Peper,32,32,11,14,146.1,653,579,152,92,24,1,35,103,87,66,0,139,6,5.35,.289,1.49,8.5,4.1,2.2,2.1,11.2,2,0,10,2,0,13,0,0,2535,130,150,12,5,81,5.86,135,-0.6
7039,Efrain Perez,32,32,11,11,154.0,697,585,147,85,29,2,31,116,111,102,0,144,4,6.49,.280,1.62,8.4,6.0,1.8,1.4,6.0,1,4,6,0,1,15,0,0,2720,163,129,3,8,67,5.99,138,-0.8
6671,Josh Phillips,32,32,14,10,192.1,811,721,177,113,39,3,22,80,75,71,0,173,9,3.51,.291,1.29,8.1,3.3,1.0,2.4,12.6,4,6,11,0,0,23,0,0,2967,203,169,5,8,123,4.11,94,3.1
6643,Blake Pinkston,32,32,10,12,208.1,861,802,198,140,36,5,17,91,79,52,0,199,1,3.41,.308,1.20,8.6,2.2,0.7,3.8,17.1,4,2,7,0,0,24,0,0,3133,211,188,7,0,127,3.09,71,6.1
6904,Zach Pitz,33,33,10,11,216.2,844,797,165,113,38,6,8,63,59,41,0,299,2,2.45,.319,0.95,12.4,1.7,0.3,7.3,30.6,2,2,8,0,0,14,0,0,3313,179,152,11,3,177,1.49,34,11.7
6957,Ian Quilici,32,32,9,11,164.2,733,654,179,115,33,5,26,99,91,65,0,136,9,4.97,.309,1.48,7.4,3.6,1.4,2.1,9.7,2,3,11,0,0,14,0,0,2741,168,164,7,6,87,4.92,113,1.1
6464,Jose Ramirez,32,32,13,8,213.0,846,790,172,122,32,0,18,70,65,41,1,220,7,2.75,.278,1.00,9.3,1.7,0.8,5.4,21.2,7,1,4,0,0,15,0,0,3147,207,189,6,3,158,2.87,66,6.9
6802,John Rasmussen,33,33,10,18,198.1,825,761,195,119,46,6,24,104,99,52,2,184,5,4.49,.306,1.25,8.3,2.4,1.1,3.5,16.0,0,6,6,1,1,18,0,0,3122,195,187,18,5,96,3.72,86,4.1
6773,Andy Realmuto,32,32,8,12,149.1,690,602,170,114,31,4,21,95,89,68,0,150,13,5.36,.341,1.59,9.0,4.1,1.3,2.2,11.9,1,6,13,0,0,14,0,0,2562,130,148,12,4,81,4.62,106,1.5
6929,Bobby Renken,32,32,10,10,166.0,708,635,157,93,33,5,26,99,89,54,0,154,10,4.83,.284,1.27,8.3,2.9,1.4,2.9,14.1,2,7,6,0,0,17,0,0,2640,151,171,9,3,90,4.51,104,1.9
7192,Billy Rheinschmidt,32,32,12,10,185.0,812,719,186,121,37,3,25,98,93,79,0,158,9,4.52,.298,1.43,7.7,3.8,1.2,2.0,9.7,0,5,5,0,0,16,0,0,3044,193,180,9,1,96,4.65,107,1.8
6907,Asi Riddle,33,33,8,17,199.1,844,767,197,136,36,3,22,102,98,58,1,188,11,4.42,.312,1.28,8.5,2.6,1.0,3.2,15.4,4,4,14,0,0,18,0,0,3181,196,187,23,9,98,3.75,86,4.1
7087,Kevin Ritland,32,32,6,10,191.1,824,742,183,121,31,3,28,98,85,67,1,206,7,4.00,.303,1.31,9.7,3.2,1.3,3.1,16.9,4,4,12,0,0,14,0,0,3050,152,200,10,5,108,4.07,93,3.2
6882,Mike Rivera,32,32,13,8,178.1,759,679,161,103,36,3,19,88,77,76,0,189,1,3.89,.300,1.33,9.5,3.8,1.0,2.5,14.9,0,3,3,1,0,18,0,0,2883,159,164,13,3,111,3.73,86,3.7
7164,Dan Roberts,33,33,10,14,178.0,768,710,205,125,44,2,34,111,101,48,0,167,3,5.11,.333,1.42,8.4,2.4,1.7,3.5,15.5,2,5,7,0,0,15,0,0,2925,169,167,10,12,85,4.64,107,1.7
6932,Jimmy Roberts,33,33,13,14,198.2,835,765,190,112,37,4,37,110,106,59,2,197,6,4.80,.285,1.25,8.9,2.7,1.7,3.3,16.5,0,5,5,2,0,15,0,0,3089,194,184,10,5,90,4.56,105,2.1
6909,Alberto Rodriguez,32,32,6,17,175.0,754,704,210,130,42,4,34,115,108,36,0,107,7,5.55,.311,1.41,5.5,1.9,1.7,3.0,9.4,4,3,3,0,0,14,0,0,2689,208,181,11,7,78,5.21,120,0.6
6803,Justin Roorda,32,32,6,13,185.2,768,680,153,100,28,2,23,78,74,73,0,174,3,3.59,.264,1.22,8.4,3.5,1.1,2.4,13.2,2,10,10,1,0,13,0,0,3009,182,177,7,8,121,4.14,95,2.9
6618,Cesar Ross,33,33,12,12,205.0,851,793,192,116,48,8,20,83,81,51,1,228,5,3.56,.314,1.19,10.0,2.2,0.9,4.5,20.8,0,2,11,0,0,13,0,0,3205,194,174,5,4,122,3.02,69,6.2
7115,Bill Sanchez,33,33,8,14,169.0,793,705,224,146,43,5,30,124,117,71,0,155,5,6.23,.367,1.75,8.3,3.8,1.6,2.2,10.6,3,9,7,0,0,15,0,0,2935,156,175,12,4,69,5.00,115,0.9
6515,David Sanchez,32,32,9,12,180.2,793,710,186,125,33,1,27,116,107,62,2,161,13,5.33,.301,1.37,8.0,3.1,1.3,2.6,12.5,1,7,6,0,0,15,0,0,2925,165,190,16,5,81,4.55,105,1.9
6543,Nick Sanderson,33,33,17,9,220.1,857,798,156,101,30,4,21,66,61,48,0,254,5,2.49,.256,0.93,10.4,2.0,0.9,5.3,24.0,1,5,5,0,0,18,0,0,3317,201,185,18,3,174,2.83,65,7.3
6776,Dave Scharman,32,32,6,16,173.2,774,697,197,121,45,1,30,110,105,59,0,128,13,5.44,.307,1.47,6.6,3.1,1.6,2.2,8.9,0,5,11,0,0,16,0,0,2861,160,208,14,6,80,5.19,119,0.6
7060,Kevin Scheffler,32,32,13,7,171.1,755,657,171,98,40,2,31,95,92,82,0,173,7,4.83,.306,1.48,9.1,4.3,1.6,2.1,12.1,4,5,3,1,0,22,0,0,2885,166,150,4,1,90,5.07,117,0.8
7036,Josh Schulte,33,33,15,14,184.2,803,733,196,112,46,4,34,110,101,53,1,189,6,4.92,.313,1.35,9.2,2.6,1.7,3.6,16.9,4,7,6,1,0,6,0,0,3043,186,166,4,3,88,4.46,103,2.2
6592,Fehim Seddon,32,32,5,15,138.0,679,545,164,99,32,4,29,128,121,117,0,64,8,7.89,.295,2.04,4.2,7.6,1.9,0.5,-7.8,3,6,8,2,0,29,0,0,2537,163,153,6,5,55,7.70,177,-3.1
6936,Chris Seys,33,33,11,11,174.0,747,668,169,91,42,3,33,94,89,67,0,152,7,4.60,.280,1.36,7.9,3.5,1.7,2.3,11.4,2,3,2,0,0,18,0,0,2775,178,163,13,9,94,5.17,119,0.6
6966,Cody Shaw,33,33,10,8,182.2,759,694,171,110,39,5,17,81,75,53,0,174,6,3.70,.304,1.23,8.6,2.6,0.8,3.3,15.9,2,4,9,1,0,18,0,0,2880,172,171,16,8,117,3.45,79,4.4
6644,Mike Simmons,32,32,6,12,140.0,660,570,177,114,23,5,35,111,100,72,0,107,8,6.43,.328,1.78,6.9,4.6,2.2,1.5,5.3,5,5,6,0,0,22,0,0,2439,150,137,7,5,67,6.61,152,-1.6
6751,Trent Simon,32,32,12,8,200.0,827,755,178,111,42,3,22,83,80,62,1,203,3,3.60,.293,1.20,9.1,2.8,1.0,3.3,17.0,4,3,9,2,0,12,0,0,3131,196,182,25,4,120,3.53,81,4.7
7034,Chris Slayton,33,33,14,10,210.0,865,798,194,123,48,6,17,83,78,53,1,188,8,3.34,.297,1.18,8.1,2.3,0.7,3.5,15.6,2,3,13,1,1,21,0,0,3282,215,200,21,5,129,3.29,76,5.6
6461,Andy Smith,33,33,13,9,209.1,853,781,177,117,37,2,21,86,76,53,0,208,10,3.27,.280,1.10,8.9,2.3,0.9,3.9,18.2,2,6,13,1,1,17,0,0,3257,192,199,27,8,132,3.39,78,5.3
6955,Terry Stepniak,33,33,11,11,215.0,873,826,207,148,37,6,16,80,74,37,2,213,7,3.10,.319,1.13,8.9,1.5,0.7,5.8,20.2,1,2,5,0,0,22,0,0,3235,203,196,7,6,140,2.75,63,7.3
6646,Brian Tangen,33,33,12,11,210.1,874,820,213,150,36,7,20,85,82,41,1,178,7,3.51,.308,1.21,7.6,1.8,0.9,4.3,15.7,2,4,12,2,0,18,0,0,3243,212,213,8,5,123,3.39,78,5.3
6910,Marc Thomsen,32,32,6,8,170.0,750,653,174,110,37,5,22,92,88,82,0,146,9,4.66,.311,1.51,7.7,4.3,1.2,1.8,8.5,2,4,2,0,0,25,0,0,2816,164,166,5,8,93,4.74,109,1.4
7061,Dale Tidwell,33,33,14,12,214.2,864,807,184,112,40,6,26,87,85,44,0,213,5,3.56,.276,1.06,8.9,1.8,1.1,4.8,19.6,4,4,12,0,0,16,0,0,3205,227,180,8,3,121,3.45,79,5.2
6625,Joe Tobin,32,32,11,11,178.2,743,684,166,88,43,3,32,74,73,47,0,196,6,3.68,.291,1.19,9.9,2.4,1.6,4.2,20.1,2,4,4,0,0,11,0,0,2795,182,140,10,5,118,4.20,96,2.7
6881,Pat Todd,32,32,17,6,196.2,810,757,183,113,29,1,40,101,97,41,1,218,4,4.44,.284,1.14,10.0,1.9,1.8,5.3,21.9,3,5,12,1,0,11,0,0,3033,168,186,6,8,98,4.27,98,2.8
6621,Angelo Torres,32,32,8,16,179.1,754,668,158,93,42,2,21,94,88,76,0,165,4,4.42,.282,1.30,8.3,3.8,1.1,2.2,11.8,2,4,6,0,0,20,0,0,2867,185,163,24,4,98,4.19,96,2.7
6829,Juan Torres,32,32,9,6,158.0,692,573,120,80,22,4,14,74,63,101,0,140,9,3.59,.250,1.40,8.0,5.8,0.8,1.4,5.6,4,5,19,2,0,16,0,0,2635,156,158,4,3,121,4.64,107,1.5
6447,Steve Torres,32,32,5,9,178.0,731,655,153,100,34,3,16,71,69,59,0,184,12,3.49,.300,1.19,9.3,3.0,0.8,3.1,17.1,4,1,10,0,0,29,0,0,2777,178,137,11,2,124,3.47,80,4.3
6749,Jake Trace,32,32,5,13,152.1,679,591,149,83,28,4,34,102,93,82,0,131,2,5.49,.268,1.52,7.7,4.8,2.0,1.6,7.2,1,3,9,0,0,6,0,0,2636,133,176,16,5,79,6.01,138,-0.8
6933,Tom Tribbey,32,32,7,17,152.0,692,619,186,110,39,1,36,116,108,60,0,75,9,6.39,.293,1.62,4.4,3.6,2.1,1.2,2.2,0,4,13,0,0,17,0,0,2568,175,177,16,4,68,6.63,153,-1.8
6984,Chris Tucci,32,32,11,12,149.1,668,580,156,82,22,3,49,107,104,75,0,157,3,6.27,.283,1.55,9.5,4.5,3.0,2.1,12.3,6,4,9,0,0,15,0,0,2508,125,145,5,5,69,6.90,159,-2.2
6517,Josh Urrabazo,32,32,8,15,207.2,853,786,182,121,41,2,18,78,68,52,1,179,5,2.95,.275,1.13,7.8,2.3,0.8,3.4,14.9,3,7,8,0,0,14,0,0,3119,216,205,18,2,147,3.39,78,5.2
7008,Jeremy Vera,32,32,11,11,183.0,796,738,222,131,56,10,25,113,107,39,0,73,12,5.26,.305,1.43,3.6,1.9,1.2,1.9,4.3,1,6,6,0,0,14,0,0,2845,237,207,10,10,82,4.99,115,1.0
7167,Armando Villanueva,32,32,9,8,162.1,730,617,160,103,25,3,29,100,93,88,0,106,16,5.16,.270,1.53,5.9,4.9,1.6,1.2,2.5,5,4,7,0,0,20,0,0,2680,175,177,16,7,84,6.11,141,-1.0
6566,Danny Walter,32,32,16,10,205.1,838,778,188,123,35,3,27,97,92,46,0,169,5,4.03,.274,1.14,7.4,2.0,1.2,3.7,14.7,4,5,5,1,0,21,0,0,3058,224,198,25,0,107,3.98,92,3.6
6653,R.J. Watson,33,33,4,19,179.1,769,703,185,112,41,4,28,94,87,53,0,175,5,4.37,.310,1.33,8.8,2.7,1.4,3.3,15.9,1,7,8,1,0,13,0,0,2888,172,169,9,8,99,4.22,97,2.6
6436,Chad Waun,33,33,9,13,194.0,811,746,186,112,40,10,24,92,87,54,1,190,5,4.04,.303,1.24,8.8,2.5,1.1,3.5,16.8,4,2,9,0,0,19,0,0,3038,194,173,7,3,107,3.72,85,4.0
6463,Dan Welch,33,33,15,8,207.0,888,819,207,147,39,5,16,90,83,53,0,191,9,3.61,.310,1.26,8.3,2.3,0.7,3.6,15.5,3,4,8,0,0,13,0,0,3221,214,202,8,2,120,3.23,74,5.6
6549,John Wells,32,32,6,10,155.1,709,599,160,110,27,3,20,97,89,89,0,123,6,5.16,.300,1.60,7.1,5.2,1.2,1.4,4.8,5,10,4,0,0,12,0,0,2749,158,164,23,6,84,5.10,117,0.7
7165,John Wheelock,33,33,9,11,157.2,704,618,165,99,30,4,32,107,102,75,0,158,4,5.82,.307,1.52,9.0,4.3,1.8,2.1,11.8,2,5,9,0,0,15,0,0,2681,136,156,10,3,74,5.31,122,0.3
6853,Vince White,33,33,18,10,208.2,864,801,193,113,51,6,23,90,83,50,0,249,5,3.58,.318,1.16,10.7,2.2,1.0,5.0,23.0,2,6,5,2,0,12,0,0,3309,195,164,20,1,121,3.01,69,6.3
7140,Jeff Whitney,32,32,9,8,164.0,765,720,249,159,51,7,32,140,134,30,0,45,5,7.35,.333,1.70,2.5,1.6,1.8,1.5,2.0,2,8,7,1,0,16,0,0,2581,224,200,9,1,59,5.80,134,-0.5
6854,Aaron Wido,32,32,17,7,202.0,842,766,192,129,38,4,21,96,87,58,0,184,10,3.88,.301,1.24,8.2,2.6,0.9,3.2,15.0,1,7,11,1,0,25,0,0,3107,217,170,15,7,112,3.71,85,4.2
6698,Bobby Williams,33,33,11,13,208.0,832,773,167,90,35,6,36,87,83,53,3,247,4,3.59,.266,1.06,10.7,2.3,1.6,4.7,23.3,0,2,3,0,0,18,0,0,3174,181,172,8,3,121,3.83,88,4.1
7097,Zach Wilson,33,33,5,11,171.2,741,679,181,115,34,5,27,97,87,48,0,201,8,4.56,.338,1.33,10.5,2.5,1.4,4.2,20.6,1,5,16,0,0,15,0,0,2824,147,147,6,3,95,3.86,89,3.3
7085,Chris Wintersteen,33,33,10,16,208.1,848,787,191,114,43,0,34,102,98,51,1,194,3,4.23,.279,1.16,8.4,2.2,1.5,3.8,16.9,3,4,6,0,0,17,0,0,3101,203,199,9,3,102,4.20,96,3.1
7018,Dave Wood,32,32,12,9,166.1,722,637,168,99,44,3,22,90,86,71,0,140,3,4.65,.301,1.44,7.6,3.8,1.2,2.0,9.6,1,10,10,1,0,16,0,0,2769,162,174,13,4,93,4.54,104,1.8
6774,Branden Wormley,33,33,10,14,210.1,893,826,210,138,44,3,25,92,88,51,0,223,11,3.77,.319,1.24,9.5,2.2,1.1,4.4,19.3,3,2,7,0,0,13,0,0,3242,213,177,17,2,115,3.48,80,5.0
